Country,1900,1901,1902,1903,1904,1905,1906,1907,1908,1909,1910,1911,1912,1913,1914,1915,1916,1917,1918,1919,1920,1921,1922,1923,1924,1925,1926,1927,1928,1929,1930,1931,1932,1933,1934,1935,1936,1937,1938,1939,1940,1941,1942,1943,1944,1945,1946,1947,1948,1949,1950,1951,1952,1953,1954,1955,1956,1957,1958,1959,1960,1961,1962,1963,1964,1965,1966,1967,1968,1969,1970,1971,1972,1973,1974,1975,1976,1977,1978,1979,1980,1981,1982,1983,1984,1985,1986,1987,1988,1989,1990,1991,1992,1993,1994,1995,1996,1997,1998,1999,2000,2001,2002,2003,2004,2005,2006,2007,2008,2009,2010,2011,2012,2013,2014,2015,2016,2017,2018,2019,2020,2021,2022,2023
Argentina,1.1268666666666667,1.7848583333333332,0.38882500000000003,1.0125916666666666,4.646441666666667,1.0630583333333334,0.47596666666666665,0.565575,0.29129166666666667,0.7465666666666667,0.9084666666666666,1.481575,1.0083416666666667,1.4565166666666667,39.10783333333333,40.615808333333334,23.111275000000003,65.02974166666667,27.363675,13.734033333333334,3.9899166666666663,2.3263416666666665,1.5768833333333336,2.2974,2.4567416666666664,0.9183916666666666,0.7380833333333334,0.8573833333333334,2.6622083333333335,1.186225,4.190733333333333,2.1382499999999998,6.719533333333334,6.095175000000001,5.843725,12.044049999999999,14.019516666666668,6.724783333333334,12.640591666666667,53.21935,37.928425,42.579025,52.86476666666667,36.229350000000004,52.87209166666667,64.08134166666666,14.287891666666667,11.816916666666666,11.960416666666667,4.693158333333334,7.8725,10.560875000000001,3.6385916666666667,2.2374750000000003,2.4166416666666666,5.449316666666667,3.358541666666667,3.5134666666666665,6.028366666666667,6.8635166666666665,9.501291666666667,8.904441666666667,21.532124999999997,6.11005,4.0191,5.127725,3.9651666666666667,7.79835,2.682575,3.3002416666666665,4.884283333333333,2.91025,4.328783333333333,4.403075,6.613458333333334,12.579733333333335,7.478091666666667,4.996283333333333,6.4225916666666665,4.526541666666667,9.328325000000001,9.742075,103.39671666666668,10.890058333333334,6.47965,3.7327250000000003,5.297008333333333,4.20955,2.612475,2.849558333333334,4.7626083333333336,2.820733333333333,3.3461833333333337,3.16,5.692383333333333,2.9647666666666663,0.6973833333333334,1.1041916666666667,1.267875,1.2275166666666668,1.168575,6.369924999999999,4.723508333333333,4.946925,2.286475,1.494625,2.098325,1.5991333333333333,1.50645,1.5516083333333335,0.9923500000000001,1.3244583333333333,1.064325,1.1741416666666666,0.9589916666666666,1.321275,2.1752333333333334,0.8591916666666667,3.2299249999999997,2.3766000000000003,1.51065,0.48361666666666664,4.127283333333334,3.034091666666667
Australia,5.966008333333334,1.2615083333333332,1.2279499999999999,0.8754000000000001,2.1874083333333334,1.0122166666666665,0.5623250000000001,0.6100666666666666,0.30345833333333333,0.37014166666666665,0.4540416666666667,1.155,1.2874,0.6888500000000001,30.287833333333335,49.794608333333336,42.84549166666667,51.34670833333333,144.18553333333332,25.284891666666667,3.978658333333333,3.3977000000000004,1.7705916666666666,1.447875,1.5571666666666666,1.1644916666666667,0.7157916666666667,0.7858333333333333,0.883625,0.8501,1.0745666666666667,1.0959333333333334,1.4439416666666667,1.0254583333333334,1.7211916666666667,5.720891666666668,3.694591666666667,5.054208333333333,10.083675000000001,64.85471666666666,41.719175,117.12151666666666,430.28360833333335,338.4771416666667,142.26330833333333,118.7007,34.342533333333336,15.238233333333334,9.495075,6.461875,46.540975,49.87175,24.002908333333334,15.608641666666665,12.086091666666668,6.239833333333333,16.014441666666666,11.424858333333333,11.150875000000001,4.408283333333333,3.8308916666666666,12.306966666666668,14.199075,11.937533333333334,7.3386000000000005,14.804091666666666,15.265883333333333,14.666733333333333,7.891541666666668,7.2264333333333335,6.686975,8.720474999999999,5.667591666666667,6.719966666666667,3.3139000000000003,7.922608333333334,2.4423583333333334,2.5033833333333333,2.8180333333333336,5.198033333333334,8.248908333333334,3.813333333333333,15.820075000000001,3.726041666666667,3.0673333333333335,6.661983333333333,4.158141666666666,3.3220666666666667,1.7487166666666667,2.9653500000000004,7.270666666666667,5.654508333333333,1.7602833333333334,3.1076416666666664,2.3971750000000003,3.0805833333333332,1.987125,1.5761666666666667,2.9993166666666666,3.430858333333333,1.5272416666666666,13.865466666666668,8.944016666666666,22.327716666666664,9.83195,6.27375,6.153875,6.411316666666667,3.936716666666667,3.4797666666666665,5.699141666666667,4.043241666666667,3.083416666666667,3.0567333333333337,9.074683333333333,6.892525,6.0347583333333334,10.753775,4.3730166666666666,7.705191666666667,8.266266666666667,6.2375,28.370674999999995,16.934116666666664
Belgium,6.355308333333333,1.9684416666666669,2.2345833333333336,2.3248666666666664,1.5729499999999998,1.0104583333333332,1.2139333333333333,0.2711166666666667,0.23318333333333333,0.660925,0.5231833333333333,2.2480583333333333,2.001158333333333,1.885925,472.26805833333333,291.769075,184.47433333333333,373.35274166666665,412.0459416666667,84.6298,16.5244,9.696166666666667,6.588383333333333,14.894483333333334,5.594166666666666,4.5996500000000005,2.8174083333333333,3.035675,2.0025083333333336,2.521725,2.6793750000000003,2.8752583333333335,3.502291666666667,2.9264000000000006,3.2638833333333337,13.731158333333333,21.731783333333336,16.30265,22.62784166666667,141.14758333333333,179.12048333333334,67.04041666666667,68.08054166666666,98.35438333333333,226.54847500000002,116.08839166666667,15.285458333333333,10.443291666666667,34.013308333333335,12.076808333333334,27.313366666666667,25.943175,10.953225000000002,8.489916666666668,11.980141666666668,5.0770583333333335,10.114366666666667,8.891875,6.392391666666666,5.868591666666667,18.031758333333332,29.116675,18.517975,24.789283333333334,17.849,5.592175,5.946116666666666,14.45265,7.004041666666667,7.652241666666666,5.897516666666667,5.21015,5.616491666666666,8.608849999999999,7.377533333333333,9.307591666666667,5.905491666666666,7.438958333333335,17.121891666666667,9.980391666666668,13.689891666666668,15.522574999999998,24.377858333333336,13.330158333333335,9.165508333333333,10.351825,9.473533333333334,9.308566666666666,5.768108333333333,8.575416666666667,18.580583333333333,14.717691666666667,8.986316666666667,12.353466666666668,11.602925,6.880058333333333,2.8718166666666662,1.6620416666666669,2.1893333333333334,11.233075000000001,2.0789416666666667,15.945174999999999,5.745833333333334,13.273916666666667,7.3994,6.125558333333333,6.338266666666667,4.927275,3.9272416666666667,4.165391666666667,4.305208333333334,7.57045,4.525441666666667,4.690958333333334,13.0388,18.242233333333335,27.503716666666666,14.066933333333333,11.563283333333333,8.204208333333334,6.448125,7.648408333333333,47.53640833333333,19.355641666666667
Brazil,1.4834500000000002,1.3964916666666667,0.9628,1.6981833333333334,1.1869416666666666,0.803425,1.3110916666666668,0.6488416666666666,0.6028166666666667,0.378325,1.1812666666666667,1.8061333333333334,0.714725,1.5244166666666665,33.609975,32.922075,15.878100000000002,59.6128,21.642583333333334,7.085091666666667,3.8949083333333334,1.6241583333333331,1.5588499999999998,1.677266666666667,3.5932083333333336,0.76415,1.0164833333333334,0.6130083333333333,1.4204583333333332,0.9001833333333334,7.067141666666667,1.411875,7.959483333333334,5.8664916666666675,2.9004166666666666,6.640408333333334,5.379741666666667,4.597108333333334,9.139458333333334,43.311508333333336,32.061658333333334,47.154149999999994,90.25372499999999,39.25285,40.43494166666667,34.282491666666665,16.840408333333333,12.802833333333334,5.989975,2.8878833333333334,7.9160416666666675,10.163541666666667,4.123266666666667,2.7489666666666666,4.14155,3.612508333333333,3.297241666666667,3.9784833333333336,3.560166666666667,4.073875,4.974083333333334,14.885416666666666,28.771058333333333,13.966483333333334,8.735625,10.679283333333332,5.030375,7.292166666666667,6.117916666666667,4.0135499999999995,7.621808333333334,3.3926166666666666,2.4757166666666666,2.6762083333333333,3.1774833333333334,5.857241666666667,5.984983333333333,6.549766666666667,4.2102416666666675,3.9025083333333335,5.975108333333334,7.21225,11.500416666666666,4.159883333333333,4.164091666666667,4.056141666666667,3.93905,3.369775,2.8415083333333335,4.307516666666667,6.2191,6.3327,3.681283333333333,2.6982666666666666,3.841416666666667,1.9585,0.9874833333333334,0.9359583333333333,1.8078333333333336,1.500775,1.3808833333333332,8.947125,4.486383333333333,5.936775,7.494666666666666,4.477775,4.128216666666667,2.9382249999999996,2.617391666666667,3.276075,7.582091666666667,4.187816666666667,1.76955,2.750208333333333,2.901766666666667,3.9224833333333335,3.7516416666666665,3.019816666666667,2.9272833333333335,7.337266666666667,3.734541666666667,3.119033333333333,11.830449999999999,9.96785
Canada,7.087533333333333,3.5133666666666667,2.7059833333333336,2.832758333333334,5.2172,2.1972583333333335,2.1117916666666665,0.8762249999999999,1.0238083333333334,1.5453583333333334,1.7077166666666665,4.904800000000001,4.160308333333334,4.044666666666667,116.65101666666668,99.79755,88.57774166666667,158.25223333333332,196.485375,37.765125000000005,9.056466666666667,4.868825,3.73755,3.3780583333333336,2.7910083333333335,2.2594333333333334,1.3091583333333334,2.353283333333333,1.836566666666667,2.471833333333333,2.406816666666667,2.1890833333333335,3.4429916666666665,2.66005,3.3082083333333334,14.276958333333333,7.450408333333333,10.779316666666666,26.379175,158.62859166666667,118.57771666666667,114.18611666666668,129.23639166666666,220.007825,300.7526,148.76064166666666,32.82385,14.184116666666666,20.432533333333335,19.384241666666668,46.632825,51.407966666666674,19.042316666666668,15.434425,16.047175,15.229433333333333,23.999275,30.910683333333335,26.266733333333335,10.093016666666665,15.576341666666666,26.732591666666668,24.97985833333333,35.123,15.860616666666667,14.0064,10.37575,20.442558333333334,9.866708333333333,9.917883333333334,14.682241666666668,9.384458333333333,8.472825,9.931116666666666,5.890683333333333,8.078691666666668,9.167975,7.937358333333333,10.913874999999999,8.850816666666667,14.022450000000001,17.975716666666667,20.151149999999998,15.692883333333334,7.874466666666667,10.4991,15.507283333333334,8.97575,6.231475,6.9180583333333345,21.671200000000002,20.277,8.421741666666668,18.255158333333334,15.039075000000002,7.124175,4.94295,2.7508416666666666,4.386575,6.703933333333334,4.3041,33.48668333333334,17.400975,28.828883333333334,16.047,7.7540000000000004,12.999183333333333,7.060866666666667,5.8667083333333325,7.177325000000001,8.619441666666667,7.998525,3.5029416666666666,5.394058333333334,8.881783333333333,9.378291666666668,9.29565,9.6362,11.710683333333334,11.450858333333334,9.48815,5.935741666666666,35.609975,23.315408333333334
Switzerland,2.4317333333333333,0.5337666666666666,0.9414999999999999,0.9345249999999999,1.2387166666666667,1.3567916666666668,0.6957333333333332,0.6067416666666666,0.1734,0.44239999999999996,0.133625,2.6683083333333335,2.3011166666666667,0.8056166666666668,109.33260000000001,105.26425833333333,71.29234166666667,121.15563333333334,172.93618333333333,37.58261666666667,8.537891666666667,5.989108333333333,2.566816666666667,3.2900416666666668,1.4623916666666668,1.9643000000000004,1.356375,1.6953666666666667,0.97805,1.2783833333333334,1.5791833333333336,1.9712166666666668,3.8235833333333336,3.536491666666667,3.140625,16.339708333333334,7.380208333333333,7.3736,22.047025,93.48761666666667,75.08817499999999,74.37088333333334,85.207325,165.6065416666667,164.921075,54.4434,9.954524999999999,6.69925,6.9166,4.7977083333333335,9.084425000000001,9.512658333333333,6.955966666666666,9.797675,6.901366666666667,8.054141666666666,10.545291666666666,4.051825,8.484491666666667,4.831733333333333,3.940725,12.664183333333334,17.258025,8.225383333333335,4.6969,4.13,3.1001666666666665,8.032675,6.296508333333333,6.552941666666666,20.131566666666664,3.4849833333333335,3.3143833333333332,3.2888333333333333,2.8913333333333333,3.211983333333333,4.391233333333333,3.318975,5.10945,3.5909333333333335,12.126624999999999,5.590608333333333,12.228008333333333,6.754341666666666,6.372041666666667,11.106525,8.034,5.385725,4.548825,2.825875,7.404633333333333,10.907375000000002,3.4468666666666667,4.011666666666667,2.761725,1.4066083333333335,1.5370083333333333,0.9823583333333333,2.17225,2.5323583333333333,1.5426416666666667,13.155733333333332,5.629458333333333,9.582533333333332,6.096725,1.5338166666666666,3.295275,3.2457583333333333,2.1862416666666666,2.4071166666666666,2.851141666666667,2.2984416666666667,1.915425,3.10415,4.507750000000001,12.936266666666667,5.275183333333334,2.6218,2.9714333333333336,2.3308166666666668,3.207883333333333,2.4964666666666666,8.3496,4.016116666666667
Chile,1.5170833333333336,1.9602666666666664,0.5142916666666667,0.9182916666666666,1.890958333333333,1.3135333333333332,0.47500000000000003,0.16704166666666667,0.324425,0.5673916666666666,0.4237166666666667,0.47618333333333335,0.24739166666666668,0.6619583333333334,30.588758333333335,30.15919166666667,16.111349999999998,28.4843,14.611608333333335,7.196758333333334,4.322966666666667,1.7269416666666666,1.1205666666666667,2.077341666666667,0.549825,0.9268583333333332,0.565175,1.0284833333333332,1.5574666666666668,0.9236749999999999,1.2906000000000002,1.620775,5.080533333333333,4.332633333333334,3.0432166666666665,4.718316666666667,5.353683333333334,2.5986,5.5914166666666665,27.197774999999996,16.864525,23.833825,39.35215,17.920191666666668,14.653025,13.5864,5.17635,2.8622416666666664,5.2017500000000005,2.1359916666666665,4.224383333333333,6.127616666666667,2.456175,1.3178083333333332,1.2957750000000001,2.56155,1.30115,1.01665,1.1235833333333334,2.070175,3.373583333333334,4.940466666666667,12.121175,5.870066666666667,4.9069,3.4907166666666662,2.786275,3.1969250000000002,1.8969833333333332,2.256225,6.503633333333333,6.686983333333333,4.00265,6.796499999999999,3.9066083333333332,5.6655500000000005,4.677116666666667,3.4018750000000004,5.763933333333334,3.4442749999999998,3.07395,6.474708333333333,7.395933333333333,5.559875000000001,5.607491666666667,3.990275,4.14405,3.1808083333333332,1.680975,1.6902833333333334,2.7241750000000002,2.517116666666667,0.9319083333333333,1.2526,2.1321166666666667,1.5554833333333333,0.7387916666666667,0.84495,0.886225,1.003975,0.769075,2.780708333333333,1.9578833333333334,8.848858333333334,3.583841666666667,0.97065,1.2049083333333332,0.9090583333333333,0.7186499999999999,0.5098250000000001,2.269275,0.9231916666666667,0.33755833333333335,0.3534833333333333,0.610675,1.1932166666666666,1.1798416666666667,1.236275,1.1644916666666667,2.0643499999999997,0.9862083333333334,0.3930916666666667,2.68735,1.4841583333333335
China,73.49751666666667,11.122974999999999,5.004133333333333,8.9791,56.95291666666666,15.550125,4.3110083333333336,3.5418,2.678983333333333,1.9589916666666667,1.7695333333333334,14.5075,6.9737,7.1016916666666665,102.61315,82.30036666666666,66.70521666666667,93.39120833333334,94.33321666666666,66.47898333333333,14.804458333333335,14.784741666666667,13.297333333333334,8.204600000000001,10.452525,7.379366666666667,6.101375,17.748891666666665,5.747208333333333,14.648575000000001,9.534683333333334,19.635508333333334,52.100449999999995,24.524525,8.039325,23.937116666666668,30.138208333333335,91.38215833333334,78.39186666666667,141.84815,113.50281666666666,243.22312499999998,331.35491666666667,352.0625416666667,639.1764916666667,390.68552500000004,87.38402500000001,38.489891666666665,46.66549166666667,38.951625,217.28430000000003,302.9549666666667,118.08126666666668,137.573725,88.44256666666666,71.25496666666666,42.43271666666667,31.891591666666667,80.70578333333333,30.01405,40.291266666666665,66.1464,102.33018333333332,104.37213333333334,76.79275833333334,113.224675,84.81624166666667,108.59311666666667,55.40734166666667,49.81894166666667,49.49541666666667,54.951966666666664,57.49314999999999,31.328883333333334,17.463766666666668,28.759091666666666,18.834225,16.838091666666667,28.598891666666663,44.769733333333335,43.4495,25.544983333333334,27.726249999999997,20.218725000000003,16.372625,14.751775,11.570766666666666,18.07003333333333,14.328941666666665,24.19505,30.587325000000003,30.667424999999998,19.50635,22.236766666666668,25.78418333333333,16.459691666666668,15.566033333333335,8.257308333333333,18.744183333333336,26.9164,13.461950000000002,50.023975,33.04101666666667,74.53540833333334,36.87198333333333,31.990591666666663,47.65436666666667,34.57973333333333,24.83621666666667,28.527108333333334,36.383516666666665,29.345174999999998,38.972225,31.755525000000002,32.326525,47.29156666666666,39.913866666666664,73.06519999999999,48.30554166666667,51.082741666666664,50.98229166666667,33.03075833333333,132.65540000000001,101.26011666666666
Colombia,2.3602666666666665,7.248433333333334,5.829766666666667,12.058783333333333,6.625825,1.5830416666666667,0.5516833333333332,0.17755833333333335,0.40001666666666663,0.5667833333333333,0.19394999999999998,0.6011583333333334,0.7898833333333334,1.3351166666666667,8.66505,5.500016666666667,7.079425,12.946066666666667,2.640816666666667,3.036891666666667,0.6945333333333333,0.96355,0.16403333333333334,0.14838333333333334,0.254025,0.12588333333333335,0.18625833333333333,0.4569666666666667,0.9089083333333333,0.8711166666666667,0.6437833333333334,0.9368083333333334,2.999541666666667,5.77485,1.2965833333333332,2.8123583333333335,1.8418583333333334,1.5709666666666668,3.788358333333333,14.875658333333334,11.844783333333334,17.45244166666667,17.888583333333333,7.515716666666667,8.0562,6.066983333333333,2.767716666666667,5.938575,14.860433333333333,2.4690333333333334,3.0183416666666667,7.256008333333334,2.375166666666667,3.0367499999999996,2.6652583333333335,0.7393666666666667,2.3225166666666666,2.4515249999999997,4.282775,1.6661083333333335,3.817833333333333,7.11395,6.2455,5.693716666666667,2.944983333333333,2.924533333333333,1.6264416666666666,4.223483333333333,1.7408083333333335,1.5980916666666667,2.075091666666667,1.5003250000000001,0.6861333333333333,0.8716499999999999,1.371075,1.2354833333333335,1.4422,1.5397416666666668,1.656975,2.345225,5.420283333333334,4.451125,8.056308333333332,9.0422,6.086116666666666,5.497666666666667,5.751833333333334,1.3861416666666668,3.0565916666666673,8.147775000000001,8.877533333333334,8.724675,3.3160583333333338,2.9431833333333333,2.3039083333333337,1.5671000000000002,2.8026,1.564675,2.3373,3.822641666666667,3.7165916666666665,9.801666666666668,11.872,11.394449999999999,5.125916666666667,3.3683416666666672,2.3600833333333333,3.534966666666667,4.98885,2.5483583333333333,4.457833333333333,1.391325,2.384516666666667,1.4558583333333335,0.953125,2.6804166666666664,3.0786916666666664,2.5017333333333336,1.6317500000000003,6.809291666666667,2.6811833333333333,1.5342166666666666,4.8111500000000005,3.4310833333333335
Germany,47.113975,13.714066666666668,15.841108333333333,20.9007,40.20024166666666,24.44881666666667,11.079633333333334,7.676950000000001,9.804525,6.575441666666666,4.759133333333334,25.40915,26.26718333333333,16.70795,1417.0028833333333,1695.781291666667,1355.8516,2048.8615,2881.2797083333335,483.549125,123.79656666666666,70.493525,32.28064166666667,49.85015833333333,21.981825,19.311566666666668,12.765558333333333,14.714716666666666,11.018591666666666,12.851108333333334,13.209433333333335,16.479441666666666,26.892108333333336,29.298941666666668,26.248183333333333,73.42615,96.82985833333333,79.22533333333332,199.59805000000003,991.9629916666667,841.6836666666667,1129.5992416666666,1295.3773416666666,1922.429,2513.2803833333332,874.2310666666666,121.29115833333333,71.31116666666667,130.05658333333335,61.490424999999995,126.27140833333334,114.53053333333332,56.381575,61.71093333333334,57.98239166666667,50.41253333333333,57.56041666666667,65.384175,72.10950833333334,79.70889166666666,49.00874166666667,207.60066666666663,134.558525,122.36858333333333,43.058425,47.042091666666664,40.60653333333334,55.5542,43.675175,30.1992,40.89658333333333,21.10575,31.92109166666667,23.7663,16.265108333333334,25.580358333333333,21.859166666666667,31.971858333333333,39.93351666666667,32.94105833333334,58.625825,76.01569166666667,93.40169166666668,70.89806666666667,30.573016666666664,35.89913333333333,51.23533333333334,37.193549999999995,19.677991666666667,34.02654166666667,63.87054166666667,71.96778333333334,26.538558333333338,27.298125,31.028533333333332,24.531983333333333,10.012858333333334,4.2501,9.450258333333334,19.550083333333333,6.649333333333334,58.140383333333325,30.667125,83.676075,36.82149166666667,23.6649,30.7687,21.437849999999997,16.370066666666666,12.667341666666667,19.227808333333332,18.642,15.488416666666666,17.764033333333334,40.717324999999995,52.426433333333335,36.54056666666667,37.67175833333334,25.404425,23.443408333333334,25.5771,20.747158333333335,125.27815,61.963125
Denmark,1.4739166666666668,1.4364416666666664,1.66415,0.9106083333333334,4.191450000000001,2.620058333333333,0.60685,0.10251666666666666,0.153075,0.26406666666666667,0.3249666666666667,0.5408416666666667,0.5933583333333333,0.7312583333333333,87.00866666666667,83.27258333333334,61.453425,123.05484166666666,103.67831666666666,56.207141666666665,6.999433333333333,2.398525,0.9240916666666666,1.5107666666666668,0.9292333333333334,0.8720416666666667,0.6000249999999999,0.42029999999999995,0.8020666666666667,1.148925,0.9328500000000001,0.8118,0.9659833333333333,0.7344666666666667,0.8968250000000001,4.000775,3.2692416666666664,2.888316666666667,5.53295,90.03741666666666,104.343,40.83549166666667,20.867625,33.969966666666664,43.942775000000005,33.123133333333335,4.893325,3.094075,3.901608333333334,5.4925500000000005,7.240675,10.030616666666667,4.04855,3.5084666666666666,1.9357500000000003,1.9792166666666666,5.353166666666667,7.394416666666667,9.550725,1.8467083333333332,2.1888916666666667,6.597449999999999,5.2617416666666665,4.5455250000000005,3.258625,1.3932333333333335,1.461175,6.165191666666666,3.241341666666667,1.5667833333333334,1.7035916666666668,1.7048916666666667,2.437841666666667,3.509725,2.1848666666666667,1.5717916666666667,1.0636583333333334,0.9029250000000001,1.3279083333333335,1.5358666666666665,3.9126,3.2641666666666667,5.052833333333333,2.373291666666667,1.2352166666666666,2.2025333333333332,4.459241666666666,2.376916666666667,2.102558333333333,1.4809083333333335,3.267025,3.8636083333333335,6.0079,5.481191666666668,2.1327416666666665,2.8453166666666667,0.53905,0.32410833333333333,0.5364,0.620975,0.793375,2.363566666666667,4.423941666666667,3.175175,2.660975,2.5283,4.0954749999999995,1.2948166666666665,1.3330499999999998,3.183075,2.894558333333334,2.073608333333333,1.1011499999999999,1.4088500000000002,2.3190250000000003,4.47705,3.089316666666667,2.0870416666666665,2.324425,1.62355,1.5044750000000002,1.9156333333333333,8.170033333333334,6.9163749999999995
Egypt,4.495725,1.8678416666666668,0.6254416666666667,0.9353583333333333,6.5275083333333335,1.8757583333333334,1.746975,0.5767749999999999,0.5159333333333334,0.21715833333333334,0.5381166666666667,3.0720083333333332,2.5849333333333333,1.0266083333333333,57.42531666666667,60.411033333333336,60.37101666666666,33.484608333333334,33.52295,12.607608333333333,6.634683333333334,2.187441666666667,2.191316666666667,1.6036916666666665,2.7275666666666667,1.3839499999999998,1.0940166666666666,1.7021916666666668,1.812925,1.9263583333333336,1.1906833333333333,0.8710333333333332,0.8564666666666666,0.4540666666666667,0.9345333333333334,30.758108333333336,7.771291666666667,5.897458333333334,9.791116666666666,28.951925,127.47571666666666,196.50556666666668,313.10929166666665,217.74040833333333,112.78106666666667,48.862325,30.74405833333333,13.25815,41.5996,10.299775,20.891458333333333,31.800525000000004,14.353700000000002,14.441933333333333,12.989391666666668,24.669349999999998,132.33395833333333,78.40551666666667,54.77270000000001,11.473191666666667,13.365658333333334,25.66016666666667,29.84715,26.255475,16.174075000000002,17.351983333333333,14.112466666666668,101.29921666666667,22.2332,42.298141666666666,92.98851666666667,31.617566666666665,19.260608333333334,80.76204166666666,41.96666666666666,39.087466666666664,21.092416666666665,21.015225,40.850125,36.34366666666667,35.84966666666667,35.97683333333333,44.081975,16.702033333333333,13.425424999999999,19.581675,19.51451666666667,8.564733333333335,9.199291666666667,8.91515,60.14405,49.229974999999996,8.659366666666667,14.199083333333334,8.770008333333333,8.622225,7.738,5.003,5.994766666666667,4.3351750000000004,5.1441,43.67355,23.92526666666667,34.526375,23.985508333333332,16.398625,16.773016666666667,13.97125,10.380383333333334,12.890099999999999,11.289900000000001,38.72510833333333,23.155783333333332,18.243108333333335,19.920666666666666,30.249375,14.642258333333336,20.459483333333335,8.611175000000001,9.825733333333334,8.033725,6.695,18.811441666666667,55.64715
Spain,26.43915,11.463858333333334,12.427716666666667,8.062275,9.357333333333333,6.232616666666666,7.555108333333333,4.173633333333333,3.133675,3.4514333333333336,3.764175,8.680158333333333,6.213449999999999,7.239850000000001,72.34315,67.60646666666666,70.92041666666667,121.18343333333333,98.56077499999999,35.59070833333333,8.968583333333333,6.814358333333334,3.3004083333333334,5.347308333333333,3.93775,10.230216666666667,4.613,3.439625,3.591841666666667,2.558125,4.197716666666667,4.919225,5.196233333333333,5.00635,5.927875,14.807641666666669,127.15570000000001,110.70898333333332,106.42265833333333,128.29245833333331,95.29558333333334,80.68178333333333,80.150575,104.16038333333334,108.46851666666667,47.44275833333333,37.91074166666667,7.225483333333334,10.157391666666667,6.2884,14.649966666666666,21.076091666666667,4.652308333333333,6.135841666666667,6.146933333333333,5.941725000000001,9.35545,9.224316666666667,6.041566666666667,3.588041666666667,6.834325,9.8522,15.901866666666665,13.786541666666666,6.951191666666666,6.325508333333333,9.091433333333333,10.052133333333332,7.618875,6.646258333333333,8.643783333333333,5.520358333333333,3.786191666666667,5.1041,4.367408333333334,12.0508,9.204324999999999,9.952,9.928683333333334,11.484533333333333,16.368075,17.700491666666668,25.705725,17.083091666666665,9.705025000000001,12.348008333333333,17.252241666666666,7.7928,7.625325,6.003033333333334,11.485075,15.956358333333334,6.81485,9.062441666666667,7.7453,5.068225,4.211366666666667,2.626341666666667,2.6338833333333334,3.674958333333333,2.5576083333333335,19.008983333333333,11.519591666666665,36.320233333333334,28.559216666666668,11.810366666666667,7.874866666666667,7.154991666666667,4.910591666666667,4.180516666666667,6.895525,5.007875,4.082525,2.9873166666666666,5.013866666666667,10.4768,7.620783333333333,9.597325,2.1114583333333337,6.210541666666667,7.733541666666667,2.7851583333333334,17.855408333333333,12.102641666666665
Finland,0.7780833333333333,0.22690833333333335,0.2728333333333333,0.6367583333333333,2.392933333333333,3.363308333333334,1.8301833333333333,0.47406666666666664,0.25245,0.20709166666666667,0.053266666666666664,0.3407,0.3360666666666667,0.2578833333333333,30.823675000000005,9.038058333333334,7.931983333333332,42.65685,97.29015833333334,21.278291666666668,6.846016666666667,4.317758333333334,1.1926750000000002,1.0082083333333334,0.27823333333333333,0.56645,0.7492166666666668,0.7092083333333333,0.6477583333333333,0.7390333333333334,1.2360916666666666,0.607425,1.7975916666666667,0.5971000000000001,0.9599333333333333,2.508016666666667,3.0751500000000003,2.620425,5.195733333333333,133.226075,129.79490833333332,128.7685,80.5202,107.06855833333334,248.94263333333333,28.6092,9.634375,5.027408333333334,9.111108333333334,3.5520666666666667,6.2270666666666665,4.437641666666667,2.176416666666667,2.434725,2.367783333333333,4.228708333333333,4.318433333333334,6.605474999999999,8.413183333333334,4.4677,3.779833333333334,11.561908333333333,4.7965583333333335,6.054133333333334,5.401233333333334,4.499408333333333,4.465608333333333,10.017641666666666,5.414441666666666,8.967866666666668,10.211983333333334,7.5358583333333335,6.963491666666667,8.535391666666667,4.8499083333333335,10.527125,4.5736,3.5066333333333333,2.6775416666666665,1.9074833333333334,4.527908333333333,5.681208333333333,7.475783333333333,3.8693666666666666,3.6721749999999997,5.080116666666666,4.333675,2.6849833333333333,3.6004083333333337,2.547225,12.213416666666665,4.729875000000001,4.214733333333334,1.7056583333333333,1.1150583333333335,1.105475,1.1111416666666667,1.8333583333333332,0.35965,3.5557916666666665,1.5189166666666667,5.036466666666667,1.9815833333333333,4.011308333333333,1.7962500000000003,1.7234416666666668,3.858075,1.8928333333333331,2.3357666666666668,0.5332916666666667,1.340675,2.0207833333333336,0.577875,1.2752666666666668,2.0257666666666667,1.8422416666666666,1.3437833333333333,1.9491250000000002,6.223016666666666,2.6298416666666666,1.49725,1.4531333333333334,24.550749999999997,11.035858333333335
France,54.152425,14.217799999999999,12.713516666666665,19.134558333333334,54.66641666666666,27.207316666666667,11.413591666666667,9.050241666666667,10.46055,7.1634833333333345,5.575083333333333,22.410858333333334,25.519758333333332,16.721608333333332,1017.5377749999999,1026.8597333333335,862.9698750000001,1217.3292083333333,2318.488616666667,495.6994333333333,132.37981666666667,66.917,45.127116666666666,59.93083333333333,27.056291666666667,33.12231666666667,16.406875,20.32815833333333,15.277291666666665,16.776033333333334,19.76925,21.3378,35.74205833333333,30.612241666666666,25.299049999999998,123.2901,123.52859166666667,99.55753333333332,195.3464416666667,813.3757583333332,619.9913166666666,436.4579333333333,461.7794666666667,688.2780166666666,1159.6015583333335,455.157825,134.44040833333332,75.86445833333333,125.39322499999999,58.79488333333333,130.07454166666668,154.92591666666667,79.53505,89.12036666666667,101.10921666666667,68.80038333333333,143.28346666666667,103.97501666666666,118.48198333333335,67.91959166666668,81.33575,161.9394166666667,123.42627499999999,116.22679166666666,56.059325,55.57256666666666,48.58770833333333,82.61111666666666,76.23609166666667,74.48126666666667,64.26928333333333,38.07641666666667,49.415549999999996,52.95847499999999,28.69928333333333,42.48081666666667,34.72626666666667,33.286683333333336,45.959691666666664,39.74799166666667,59.87970000000001,73.75435833333334,108.17148333333334,85.204825,45.031508333333335,46.314474999999995,64.73388333333334,42.22779166666667,23.85056666666667,30.448400000000003,85.32293333333332,108.49951666666668,42.399708333333336,60.79018333333334,62.745383333333336,44.91909999999999,20.770566666666667,12.003133333333333,21.463525,25.948958333333334,13.146433333333334,72.16856666666666,58.93546666666666,124.42893333333332,62.82664166666667,34.963825,47.03275,30.325241666666667,27.191608333333335,26.364,23.585925000000003,39.33743333333333,29.22854166666667,34.461733333333335,47.9783,111.48170833333334,69.74178333333334,54.90535833333333,35.866508333333336,37.48235833333333,32.8255,26.779958333333337,106.12838333333332,69.61585833333334
United Kingdom,100.59835833333334,25.351399999999998,23.069208333333332,31.847675,92.73396666666667,35.45673333333333,14.981325,10.091683333333334,10.511691666666666,9.94185,5.593366666666667,31.976958333333332,42.044066666666666,28.767225,1238.0636333333334,1477.6619166666667,1254.1892249999999,1479.8312083333333,2062.4925083333333,357.53546666666665,133.39571666666666,74.894425,55.46371666666667,44.048608333333334,28.306416666666667,25.38491666666667,15.6185,28.320758333333334,15.7932,20.045683333333333,25.158183333333337,21.635558333333336,43.58998333333333,35.34444166666667,25.067608333333336,150.51441666666668,121.489375,115.90013333333333,209.83255833333337,1005.2849,929.5511083333334,1253.8666333333333,1401.7002166666668,2131.3492333333334,2349.2665666666667,848.0355666666666,229.8531,127.01366666666667,185.40058333333334,81.213075,239.99833333333333,257.000875,102.87120833333334,100.63893333333333,89.02701666666667,86.7418,166.83383333333333,139.69718333333333,163.205075,81.07021666666667,73.04635,162.75066666666666,152.568825,170.93885,79.54035,86.39844166666667,57.41869166666667,113.26955833333334,52.16758333333334,51.19720833333333,70.93433333333333,45.982049999999994,40.64651666666666,40.72473333333333,38.763666666666666,35.85406666666667,39.8429,41.18565833333333,53.2816,57.11813333333333,67.10953333333333,69.95084166666666,176.811975,85.02745,48.51300833333334,43.98085833333334,70.58289166666667,45.99583333333334,27.080816666666667,29.608658333333334,92.83504999999998,123.925,40.79586666666667,50.366141666666664,51.31465,35.502975,18.951391666666666,7.5667583333333335,26.70583333333333,30.448291666666666,13.151541666666667,105.24273333333333,66.81345833333333,182.75300833333336,75.59889166666666,56.67688333333333,60.063208333333336,44.50629166666667,28.955591666666667,28.23221666666667,34.5539,34.32181666666666,36.39100833333334,38.27500833333334,48.56799166666667,65.74985833333334,51.2811,54.9801,38.62305,39.884375,32.80311666666667,26.175183333333333,127.78666666666665,84.04935833333333
Hong Kong,0.28931666666666667,0.042866666666666664,0.03235833333333333,0.0,0.146975,0.08231666666666666,0.0,0.0,0.0,0.0,0.03028333333333334,0.06034166666666666,0.079425,0.057066666666666675,1.895125,0.2513166666666667,0.19123333333333334,0.23995,0.3050583333333333,0.34566666666666673,0.0,0.0,0.147525,0.146025,0.0,0.12902500000000003,0.0777,0.20597500000000002,0.031483333333333335,0.03121666666666667,0.08674166666666668,0.05899166666666667,0.14796666666666666,0.15280833333333335,0.18918333333333334,0.1591,0.598175,8.606825,10.881549999999999,18.312225,22.262183333333336,27.947791666666664,14.201300000000002,10.259275,12.677991666666669,45.56665833333333,0.9168833333333334,0.8321,0.4431833333333333,4.948441666666667,22.709933333333336,15.706116666666668,3.6952416666666665,5.9557166666666665,3.0128083333333335,4.081541666666667,2.1026166666666666,2.4069,3.665333333333334,1.365125,1.4835,3.2302916666666666,7.915933333333332,5.081833333333333,5.047633333333334,6.853808333333333,8.443925,22.9684,6.4395750000000005,8.629308333333332,7.772575,4.835966666666667,3.5410083333333335,2.380383333333333,1.5916166666666667,2.0267500000000003,1.4405166666666667,1.6458166666666667,3.6454916666666666,5.825316666666667,2.0893083333333338,2.3782416666666664,3.2632,1.4737500000000001,1.7452416666666668,1.1557666666666668,1.9870916666666665,1.1441000000000001,0.9664166666666666,3.047491666666667,2.8083916666666666,3.0065833333333334,1.5707000000000002,1.5420666666666667,1.3101083333333332,0.697725,1.6200583333333334,1.3543583333333336,1.213475,1.5497750000000001,0.9003000000000001,5.926075,2.6306583333333333,9.273325,2.418108333333333,1.9254416666666667,2.2117,1.9519666666666666,1.543325,2.1429583333333335,2.0487166666666665,1.4597083333333332,1.699225,1.9127333333333334,1.9790666666666665,3.2332750000000003,2.4868333333333337,4.7536,2.4049916666666666,9.349375,11.988125000000002,4.259633333333333,12.566983333333333,7.195433333333334
Hungary,2.0649666666666664,0.7823916666666667,0.8826833333333334,3.135783333333334,1.2477500000000001,1.8538499999999998,0.7328333333333333,0.322275,2.3756833333333334,1.2903083333333334,0.10690833333333334,1.0134416666666668,7.0327166666666665,1.9883,152.28774166666668,191.08740833333334,160.86614166666666,176.30435833333334,243.42565,82.13964166666666,13.960008333333334,9.634125,3.3496583333333336,3.55055,1.7552416666666666,1.2519333333333333,1.4058000000000002,1.635375,1.5561833333333333,1.5321083333333334,2.2565250000000003,1.7029750000000001,1.6980083333333333,3.7884083333333334,4.034441666666667,9.161583333333333,7.3399,3.8297166666666667,32.54273333333334,86.02901666666666,64.74616666666667,70.68266666666666,63.54719166666666,83.46844166666666,316.60608333333334,99.11178333333334,16.921258333333334,11.131716666666668,6.393175,4.8962666666666665,9.428333333333333,14.205541666666667,3.4372000000000003,3.3258666666666667,3.198183333333333,3.6838916666666672,46.373325,32.1883,16.898625,7.600075,6.0132,11.857716666666667,9.444541666666666,10.570808333333334,3.7531416666666666,3.7449,3.719225,5.30325,12.036125,5.115783333333334,1.6490916666666668,2.3092666666666664,1.1274583333333335,5.022091666666666,0.5342583333333334,2.1690833333333335,1.4709583333333331,1.1828583333333333,1.2084333333333335,2.4767833333333336,6.255083333333334,5.210716666666667,5.612141666666667,3.7313750000000003,2.5305916666666666,2.7409916666666665,1.8637,1.9433666666666667,2.1735166666666665,7.337500000000001,8.208125,8.896433333333333,5.245275,4.039891666666667,4.373066666666666,3.76605,2.12415,1.8939916666666665,0.869525,4.144283333333333,0.8438499999999999,4.811516666666667,2.0638916666666667,3.13975,1.2463333333333333,0.8470833333333334,0.7702666666666667,0.4037333333333333,0.5910083333333332,0.542975,0.8943833333333333,0.17854166666666668,0.24697500000000003,0.45537500000000003,2.6207416666666665,7.1162583333333345,3.981866666666667,2.1290416666666667,1.8864833333333335,1.3379,1.502675,1.936991666666667,20.775241666666666,11.351125000000001
Indonesia,0.09047499999999999,0.0,0.03235833333333333,0.054549999999999994,0.415875,0.47456666666666664,0.0,0.029083333333333333,0.056133333333333334,0.11898333333333333,0.0,0.14008333333333334,0.04056666666666667,0.11933333333333333,0.0,0.260975,1.6537416666666667,0.219025,0.996175,0.9304166666666668,0.0,0.0,0.0,0.0,0.02704166666666667,0.032308333333333335,0.15421666666666667,0.0,0.08765833333333334,0.11481666666666668,0.10140833333333332,0.0,0.2959333333333333,0.13621666666666668,0.09810833333333334,0.08555,0.0,0.9612333333333334,1.96405,3.065533333333333,4.580991666666667,24.068475000000003,47.50246666666666,2.0583500000000003,3.7692916666666663,18.033158333333333,13.408133333333334,16.47276666666667,8.602508333333333,8.07945,16.52745,11.442791666666666,6.2424333333333335,7.021841666666667,8.180225,7.353033333333333,10.854333333333335,10.858699999999999,31.549674999999997,3.9645916666666667,7.0029916666666665,15.236075,18.843175,18.361666666666668,16.689758333333334,18.856158333333333,8.199216666666667,7.497966666666667,4.773991666666666,3.22715,4.388741666666667,2.7661,2.3525666666666667,4.807925,2.1332,6.620841666666666,2.0734,3.5168,2.7402583333333332,3.086883333333333,5.1405,3.0385916666666666,2.0059916666666666,2.7035083333333336,1.5922083333333334,1.3206,3.261058333333333,2.168025,1.458891666666667,1.9230916666666669,4.17105,3.6361666666666665,1.6166,1.7564583333333335,2.523233333333333,2.179983333333333,1.3179916666666667,1.0547833333333334,3.8147750000000005,5.34945,2.303741666666667,14.757941666666667,11.072825,14.895108333333333,8.608058333333334,6.802708333333334,6.367216666666667,4.015991666666667,3.0642,3.5828249999999997,3.0425500000000003,3.044525,1.5463333333333333,1.6662083333333335,2.9838,2.2657083333333334,3.6108,3.1287333333333334,2.484625,2.0344166666666665,1.7005833333333333,1.4305166666666667,11.483025,12.194041666666669
India,20.2858,6.789775,6.79075,5.683333333333334,12.035458333333333,6.9561,4.666658333333333,2.6748499999999997,2.9614083333333334,2.3445416666666667,2.0862000000000003,6.099991666666667,6.441616666666667,6.084716666666666,92.1114,95.20085,85.89188333333334,97.35924999999999,104.97473333333335,39.7907,21.087933333333336,7.847275,7.109075,5.129833333333333,4.97335,3.829008333333333,2.939766666666667,4.833308333333334,3.855625,5.093208333333333,5.996975,5.681241666666666,5.982841666666666,3.1480833333333336,3.6187083333333336,16.715999999999998,7.339633333333334,10.615341666666668,13.735425,80.68130833333333,59.104508333333335,112.98243333333333,263.48130833333335,260.63594166666667,381.09375,181.88789166666666,33.83518333333333,22.577366666666666,22.324849999999998,11.5578,60.34988333333334,55.5593,19.045583333333337,36.455958333333335,24.896725000000004,25.932308333333335,42.11705833333333,27.364866666666668,28.727316666666667,18.504908333333333,19.942683333333335,66.55825,81.16109999999999,44.24105,25.462466666666668,60.61201666666667,25.644033333333336,35.603325,23.118108333333335,13.829175,16.70103333333333,43.54564166666666,16.339058333333334,15.64905,15.195524999999998,16.770991666666667,15.804124999999999,13.607916666666668,16.108358333333335,19.547016666666668,49.894025,26.064116666666667,26.056825,24.418516666666665,24.572941666666665,26.127108333333336,25.244283333333332,26.731266666666667,12.919550000000001,11.103591666666667,29.117724999999997,19.916983333333334,12.317100000000002,14.881525000000002,14.8917,12.764208333333334,9.732483333333333,3.3039666666666663,17.545616666666668,11.778141666666668,9.717866666666668,63.531675,41.67008333333333,39.455875,29.73346666666667,16.713558333333335,20.520433333333333,17.69515,19.900591666666667,18.36019166666667,16.789375000000003,14.783758333333333,13.1183,9.527483333333334,13.021433333333334,18.134516666666666,16.298816666666667,17.044083333333333,9.122633333333333,17.816725,13.282308333333333,8.981716666666665,41.309441666666665,29.016858333333335
Israel,0.8313583333333333,0.1352,0.21145,0.2549666666666667,0.5291333333333333,0.4172,0.13743333333333332,0.15963333333333332,0.2655333333333333,0.09365000000000001,0.08494166666666668,0.18894166666666667,0.5426000000000001,0.03866666666666666,3.5042500000000003,8.342741666666667,2.9661333333333335,21.246191666666668,22.389,2.9519749999999996,1.0374333333333332,0.32317500000000005,0.17784999999999998,0.7386666666666667,0.43630833333333335,0.3188083333333333,0.11633333333333333,0.34581666666666666,0.4000333333333333,0.7260666666666666,0.2923,0.35463333333333336,0.5322916666666667,0.49291666666666667,0.36985833333333334,1.8888249999999998,4.2246250000000005,3.393991666666667,7.465283333333333,8.047483333333334,5.191516666666667,12.939691666666667,7.434041666666666,5.2624,9.020858333333333,5.947091666666666,17.01445,19.055966666666666,71.30974166666667,12.956991666666667,15.359875,20.373208333333334,4.812308333333333,11.880133333333333,9.553225,21.739825,94.73439166666667,58.10695833333333,20.8715,4.661375,8.701975,7.420741666666667,8.918066666666666,14.154650000000002,6.697733333333333,9.422191666666667,12.096566666666666,124.40385833333333,41.173008333333335,63.893341666666664,116.10455833333333,37.891191666666664,40.51573333333334,109.56146666666666,59.52195833333334,55.47074166666667,40.18180833333333,32.26831666666667,59.67283333333334,52.82908333333334,58.653841666666665,82.70515,135.78683333333333,73.161425,43.49918333333333,66.85649166666667,54.318158333333336,33.25568333333333,36.53785,37.48321666666667,73.72129166666666,130.36058333333332,20.48646666666667,26.476625,24.076291666666666,19.658908333333333,21.967991666666666,9.322175,14.531150000000002,10.894066666666667,14.026433333333335,87.02660000000002,78.20886666666667,89.86229166666668,45.29253333333333,28.339758333333336,55.42885833333333,29.562933333333334,26.793899999999997,28.646425000000004,36.52963333333334,29.43528333333333,42.927683333333334,38.172466666666665,36.58048333333333,58.214708333333334,18.9948,27.168741666666666,28.78124166666667,22.23855,17.0589,18.284975,37.021575,127.77506666666666
Italy,14.487891666666668,5.278791666666667,6.1162,11.532458333333333,15.627533333333334,8.461716666666666,4.47415,3.623025,3.546125,3.1115833333333334,2.480575,18.85115833333333,17.786550000000002,7.104050000000001,289.2844333333333,502.09105833333336,383.7488333333333,555.4868916666666,686.93505,169.46735833333332,54.60900833333333,28.727041666666665,22.43846666666667,23.38065,9.995058333333334,9.131258333333333,8.190949999999999,9.941525,5.782066666666666,7.028291666666667,9.840283333333334,9.514933333333333,15.381108333333332,14.948625,15.418083333333334,196.32422499999998,101.95893333333333,78.55493333333334,115.54514999999999,343.19490833333333,430.2210166666667,512.2289416666666,454.5400666666667,993.0678333333334,999.8306833333332,262.08115833333335,57.824016666666665,32.049416666666666,40.93814166666667,19.33945,36.493941666666665,47.26694166666667,21.203400000000002,22.180341666666667,19.431566666666665,11.922666666666666,23.46675,20.01715,21.0206,15.4658,15.432333333333334,29.94425,34.664049999999996,42.101875,18.331283333333335,18.845991666666666,14.008741666666667,28.611366666666665,18.037208333333336,14.832666666666666,17.941158333333334,11.195374999999999,11.226416666666667,12.855916666666667,11.1932,12.952925,12.341391666666667,10.860333333333335,18.04596666666667,16.533075,24.0449,31.91841666666667,42.867066666666666,40.10625833333334,18.651775,29.096766666666664,48.095058333333334,16.322975000000003,8.684675,9.106358333333334,24.196483333333333,34.182408333333335,12.512475,14.617575,9.533816666666667,7.444325,4.581275000000001,2.024808333333333,5.154991666666667,11.820300000000001,2.966208333333334,28.186633333333333,13.969658333333333,26.322425,19.645683333333334,10.252625,11.725041666666668,8.544033333333333,5.612141666666667,5.294791666666667,5.360433333333333,14.839491666666667,4.076358333333333,6.934141666666666,10.83495,15.160758333333334,13.073324999999999,10.205141666666668,5.522825,6.693725000000001,12.567641666666667,6.3111999999999995,39.07819166666666,19.919033333333335
Japan,31.21581666666667,4.326925,2.3462666666666667,10.631491666666667,138.619075,41.232108333333336,5.7355833333333335,8.731208333333333,5.489258333333333,3.381883333333333,2.1636833333333336,11.461841666666666,4.727766666666667,7.755400000000001,199.23700833333336,108.80239166666667,103.87565000000001,139.04794166666667,173.66151666666667,95.98091666666666,26.622091666666666,26.71485,15.013175000000002,6.8857083333333335,11.329008333333332,6.405341666666666,4.0541833333333335,10.886425000000001,6.397525000000001,10.336983333333333,8.067791666666666,18.716450000000002,58.66115,30.676825000000004,12.515133333333333,44.19899166666667,44.01058333333334,98.17076666666667,93.645875,209.542325,165.95615833333332,511.56469166666665,1022.50885,986.1733166666667,1282.7096250000002,836.1745583333333,82.200225,30.177999999999997,25.932199999999998,18.57464166666667,184.73318333333336,214.38000833333334,83.9029,66.21486666666667,29.425808333333332,29.202391666666667,21.949291666666667,28.368075,28.596475,10.63705,18.074925,28.527050000000003,24.896758333333334,20.350241666666665,18.628416666666666,24.43135,23.290741666666666,33.795425,21.805983333333334,24.267733333333336,20.32,19.855716666666666,20.964675,26.558841666666666,14.907325,18.19409166666667,13.921891666666667,15.786933333333332,15.315475000000001,23.725275,43.532475,28.122024999999997,36.51884166666667,27.985,17.9188,16.662858333333332,23.827758333333335,21.06625,11.712341666666667,13.525408333333333,45.06436666666667,45.15083333333334,15.037116666666668,22.561516666666666,25.976375,17.25348333333333,8.759183333333334,6.283866666666667,8.705533333333333,8.733591666666667,4.908858333333334,48.49134166666666,27.169666666666668,56.23191666666667,27.77688333333333,18.796533333333333,20.762075,14.876175000000002,10.0746,13.3847,12.862708333333332,13.113183333333334,9.7165,12.69825,11.109783333333333,13.706683333333332,22.6309,37.35235,17.084833333333332,22.201391666666666,12.853691666666668,8.498633333333332,48.45323333333334,26.1045
South Korea,2.32675,1.0236500000000002,0.369,4.010525,31.232383333333335,4.6146666666666665,0.7155,0.6083,0.33347499999999997,0.18858333333333333,0.04981666666666667,0.5289083333333333,0.368775,0.1488,8.068308333333333,3.8667000000000002,2.4924166666666667,2.349908333333333,2.4750166666666664,4.719775,1.3139416666666666,1.2910083333333333,0.3431916666666666,0.3238833333333333,0.19001666666666664,0.3019083333333334,0.15330833333333335,0.20603333333333332,0.44370000000000004,0.4167166666666666,0.4256666666666667,2.3995166666666665,3.0597499999999997,0.565175,0.5942500000000001,0.4138833333333333,0.849525,3.8206583333333337,5.961991666666667,3.00355,4.503075,5.677908333333334,8.807475,5.6263000000000005,14.225775,79.233775,11.196191666666666,6.2521916666666675,11.359691666666668,6.9646,492.67650000000003,452.1586666666667,190.9930916666667,163.20805,55.98397500000001,38.39541666666667,29.207683333333335,24.66809166666667,23.63976666666667,9.3819,15.458291666666668,25.969866666666665,22.438633333333332,15.862141666666666,12.950683333333332,21.974149999999998,31.509666666666664,26.350158333333336,34.77668333333333,19.355366666666665,16.739124999999998,15.506483333333334,12.979791666666669,8.325058333333333,5.751291666666667,13.308908333333335,11.111208333333332,9.380666666666666,9.731341666666667,10.921574999999999,17.26944166666667,9.381041666666667,11.556983333333333,32.351366666666664,13.345358333333332,9.070341666666666,9.606841666666666,9.501624999999999,5.728925,6.167516666666667,14.382008333333333,19.172725,11.091524999999999,22.868533333333332,47.25999166666667,12.251375000000001,6.831658333333333,3.974883333333333,7.979608333333334,11.733541666666667,8.378691666666667,27.04275,34.169775,83.6608,40.37195,24.381308333333333,32.624225,25.082908333333336,15.011116666666666,24.77331666666667,25.862033333333333,13.112924999999999,15.512666666666668,22.543674999999997,12.203733333333334,14.219616666666667,31.884199999999996,76.152075,48.191141666666674,35.68515,18.640308333333333,12.402500000000002,50.91399166666667,39.81026666666667
Mexico,5.23585,2.4796333333333336,2.812091666666667,3.0127666666666664,4.563433333333333,2.031075,3.8729,3.2622083333333336,2.0330083333333335,1.6776250000000001,3.5694166666666667,25.46699166666667,19.193458333333332,34.62768333333333,171.5205083333333,154.475775,369.57051666666666,146.89835833333333,67.89843333333333,50.77606666666667,25.043516666666665,3.3840083333333335,6.2940000000000005,8.882075,9.7331,1.97525,5.779225,13.635600000000002,4.256558333333333,8.839224999999999,2.5008333333333335,2.988541666666667,5.1782916666666665,3.8963750000000004,2.1260333333333334,10.206175,7.5718250000000005,6.737208333333332,14.369008333333333,43.35178333333334,34.576950000000004,44.98018333333332,68.69365833333333,50.44106666666667,30.801766666666666,66.81718333333333,22.0783,7.981683333333334,9.039358333333334,4.799833333333333,12.544550000000001,12.813833333333333,3.7663500000000005,3.8857583333333334,6.147691666666667,3.878416666666667,5.471958333333333,4.876,6.857083333333333,4.685375,6.941433333333333,10.550416666666667,20.330175,10.929791666666667,6.946458333333333,4.715441666666667,4.722466666666667,8.2711,4.796566666666667,4.606741666666667,7.135541666666668,4.442775,2.80875,3.1784833333333338,4.640175,4.331066666666667,4.838291666666667,4.405866666666667,4.957025,9.535125,13.461066666666667,17.734733333333335,24.774091666666667,19.880058333333334,12.276066666666667,10.406583333333334,10.157233333333334,5.832825,5.648366666666667,8.050225,8.351083333333333,9.865666666666668,5.0456,5.10415,13.277175,9.341258333333334,5.4222,2.7616333333333336,3.4319916666666668,5.533966666666667,4.164825,25.226725000000002,16.70935,26.256083333333333,16.0604,8.137875,9.863341666666667,9.40245,4.647333333333333,7.663,12.842491666666668,8.40255,6.510683333333334,5.185758333333333,5.216316666666667,8.775783333333333,11.663516666666666,16.386333333333333,11.977016666666666,14.115241666666668,7.770841666666667,5.404433333333333,13.46575,11.778225
Malaysia,0.0,0.0,0.133025,0.0,0.0,0.0,0.11166666666666668,0.019075,0.0,0.1968916666666667,0.027149999999999997,0.0,0.0,0.0,0.0,0.4716666666666667,0.19409999999999997,0.0,1.1432916666666666,0.0,0.0,0.0,0.0,0.035475,0.0,0.16895833333333332,0.035050000000000005,0.0,0.0,0.0,0.1444666666666667,0.043733333333333325,0.23118333333333338,0.06913333333333334,0.17416666666666666,0.042058333333333336,4.035608333333333,2.6880916666666668,0.4421916666666667,2.2608,3.0974416666666666,66.17693333333334,81.65501666666667,20.012916666666666,25.200933333333335,28.315783333333332,2.741258333333333,0.65315,5.814733333333333,1.3395083333333335,11.397016666666667,12.479058333333334,9.067516666666668,6.995141666666666,5.261891666666667,3.5471083333333335,3.7923833333333334,2.794741666666667,2.6527,0.8487833333333333,1.8418416666666666,3.989316666666667,4.166024999999999,11.402991666666667,14.165366666666666,11.72155,5.416533333333334,4.6352,3.7727416666666667,3.3378083333333333,2.76015,1.8056416666666666,1.0824083333333334,1.1215083333333333,0.9895833333333334,2.4932333333333334,0.8493916666666667,1.0035333333333334,1.9933916666666667,3.3933916666666666,2.299341666666667,1.9783333333333335,0.9596416666666667,1.291925,0.7138833333333333,1.6415749999999998,1.856225,0.9470000000000001,0.781625,1.7643583333333333,4.407358333333334,1.5771083333333333,1.2934416666666666,1.62755,1.78705,2.63095,0.7232833333333334,0.9193583333333333,2.136625,1.8190916666666668,2.078266666666667,8.092425,7.138708333333334,8.090825,4.5668,1.6369749999999998,2.9656583333333337,2.0164666666666666,1.4224833333333333,1.2177333333333333,0.863125,0.9647,1.2303083333333333,1.0590166666666667,13.665525,4.721125,3.3007166666666667,5.44405,3.099975,1.8795333333333335,2.8413500000000003,1.1970083333333335,2.6005166666666666,3.4891833333333335
Netherlands,10.48745,3.297316666666667,3.2609999999999997,2.097916666666667,4.882891666666667,1.8858749999999997,0.9572666666666668,0.9212166666666667,2.0258833333333333,0.9353833333333333,0.6082,1.4501249999999999,1.9688999999999999,1.5041833333333334,239.58564166666665,207.56609166666667,154.58854166666666,199.493875,312.20245,42.86420833333333,11.545425,5.120016666666667,2.503441666666667,4.771416666666666,1.6911500000000002,1.3528916666666666,1.3782249999999998,2.1654833333333334,1.23805,2.4972,2.444858333333334,1.7212250000000002,2.00115,3.146175,3.138116666666667,16.147616666666668,7.674508333333333,9.201833333333333,25.284075,163.06814999999997,209.42528333333334,194.48760000000001,256.7620166666667,245.6903166666667,340.15291666666667,178.943525,31.39249166666667,23.770933333333335,25.219624999999997,16.023425,33.650558333333336,39.97444166666667,13.875908333333333,10.653133333333333,10.644058333333334,6.275075,11.535341666666667,13.767341666666667,13.483191666666668,5.665108333333333,4.020458333333333,15.451575,19.97985,14.824658333333334,9.426433333333334,6.2175166666666675,5.726958333333333,11.112975,4.803433333333333,4.876158333333334,6.129158333333333,2.3798833333333334,2.7614,12.941666666666668,6.465966666666667,7.672375,5.001783333333333,6.6949250000000005,6.833583333333333,8.09985,9.872291666666667,14.011441666666668,15.749016666666668,11.329491666666668,9.559108333333333,7.690283333333333,8.890225,6.768866666666667,2.645525,4.477875,8.166366666666667,15.015233333333335,6.8032916666666665,5.828791666666667,5.482775,7.7108083333333335,1.7833500000000002,1.0804833333333332,1.3920166666666667,3.664516666666667,1.3809833333333332,15.583633333333333,7.205633333333334,11.597183333333334,10.831725,5.634541666666667,5.507158333333334,3.878866666666667,3.2281083333333336,4.444158333333333,5.626966666666667,4.327416666666667,3.0187666666666666,3.6907250000000005,9.274766666666666,6.61105,7.38995,7.525133333333334,3.2276166666666666,4.673900000000001,4.6681,2.6674416666666665,18.571941666666667,13.557433333333334
Norway,0.9612250000000001,0.45341666666666663,0.6562916666666666,0.6754666666666668,1.7314916666666667,4.620141666666666,0.6823250000000001,0.37994999999999995,0.119275,0.1606,0.620875,0.43356666666666666,0.21354166666666666,0.5920583333333332,35.62055,57.88661666666667,39.130491666666664,64.83100833333333,34.969425,6.741908333333334,2.4185833333333333,1.4104833333333333,0.102,1.192975,0.4289416666666666,0.38385,0.6533083333333334,0.4852666666666667,0.6434333333333334,0.7809750000000001,1.1651833333333335,0.7213416666666667,1.4028333333333334,1.434591666666667,0.6174333333333334,2.7583333333333333,3.906916666666667,3.5998249999999996,5.3167333333333335,97.83605,216.292225,99.71684166666667,93.40525833333334,124.86233333333332,136.6496,56.81729166666667,10.120808333333335,4.406183333333334,7.221008333333334,9.858141666666667,15.838391666666668,9.842508333333333,7.02115,3.952583333333333,2.6997250000000004,3.044608333333333,9.139358333333334,14.305083333333334,7.9296750000000005,1.9670833333333333,4.5845416666666665,12.004375000000001,6.992583333333333,6.310875,4.047641666666666,2.8492833333333336,2.3939166666666667,5.738741666666667,1.4102583333333334,3.1286083333333337,2.9696166666666666,2.0585166666666663,1.3375166666666667,1.9365666666666665,2.2851,2.2426666666666666,2.0188166666666665,1.3875333333333335,2.8653166666666667,3.6896333333333335,5.165225,4.54765,7.292016666666666,4.812175,3.2960166666666666,3.4861416666666667,4.209925,4.842808333333333,3.3005583333333335,2.8742666666666667,4.585383333333334,3.766616666666667,2.892991666666667,4.8265166666666675,2.9723916666666668,2.8694666666666664,2.936366666666667,2.006225,1.9720000000000002,2.7405749999999998,2.555975,8.386308333333334,8.988233333333334,7.955916666666667,3.9406916666666665,2.9569833333333335,3.0418416666666666,2.5058416666666665,1.023375,2.0554083333333337,2.0594833333333336,3.095833333333333,2.419583333333333,2.620275,4.574575,4.311766666666667,3.6166750000000003,3.589608333333333,1.9412583333333335,7.224566666666667,1.8454083333333333,2.761141666666667,13.750091666666668,15.281233333333333
Peru,1.1333,0.7349666666666667,0.35333333333333333,0.8909083333333334,1.7282333333333335,1.0005833333333334,0.6757666666666666,0.5543583333333333,0.35328333333333334,0.9366583333333334,1.3258750000000001,1.1417583333333334,0.7155416666666667,0.6563916666666666,15.204791666666667,10.315708333333335,9.469216666666666,27.464183333333335,23.41424166666667,8.51585,3.9941666666666666,2.0564750000000003,1.7932416666666668,1.3901000000000001,0.72805,0.6053833333333333,0.4918,0.42267499999999997,1.3420416666666666,1.3397666666666668,2.6597166666666667,2.1825666666666668,5.145158333333334,7.714166666666667,2.356408333333333,3.60925,3.3143083333333334,1.7914166666666667,8.347166666666666,22.13971666666667,11.278041666666667,20.171541666666666,18.53141666666667,13.682616666666668,35.13849166666667,14.958183333333332,3.6049166666666665,2.5094666666666665,4.2472916666666665,2.0861666666666667,4.952608333333333,5.517824999999999,2.075766666666667,1.5251583333333334,1.4123666666666665,2.0257333333333336,5.0160583333333335,0.990225,2.0144333333333333,2.0309833333333334,1.9367833333333335,4.5765416666666665,11.30135,4.787066666666667,2.183108333333333,5.570233333333333,2.3717416666666664,3.935383333333333,2.1499916666666667,4.826825,3.7015499999999997,3.628558333333333,2.707241666666667,3.5454416666666666,2.814175,3.8220833333333335,1.7968333333333335,1.5895083333333335,2.4136833333333336,2.258,4.8109166666666665,4.745275,12.411858333333333,6.720833333333334,3.648841666666667,4.239391666666667,5.743733333333334,3.1534666666666666,2.894883333333333,5.063991666666667,5.178958333333333,4.328,5.282975,3.8072083333333335,0.7108583333333334,2.1790083333333334,2.7564166666666665,3.2794666666666665,0.8798833333333334,0.879625,2.21325,6.281275000000001,3.1991083333333337,3.19105,2.4603083333333333,1.3841666666666665,1.5772916666666668,1.4641416666666667,0.7380583333333334,0.6295916666666667,1.3636583333333334,0.9986833333333333,0.5580583333333333,0.5058333333333334,3.5247666666666664,1.4477416666666667,1.1582666666666668,1.2782833333333334,1.7892333333333335,3.144508333333333,2.1656166666666667,1.0597833333333335,11.051483333333332,11.520758333333333
Philippines,36.045408333333334,10.368858333333334,9.749558333333333,5.231941666666667,8.759,5.292566666666667,4.52765,2.852733333333333,2.2316333333333334,1.1579416666666666,1.4262750000000002,3.2769250000000003,2.1668833333333333,2.75455,34.21443333333334,21.541133333333335,30.526208333333333,27.181541666666664,19.268183333333333,10.205250000000001,4.500841666666667,3.5452083333333335,1.64735,2.464208333333333,2.2185,1.2053666666666667,1.1147500000000001,2.008691666666667,1.4515916666666666,2.1646083333333332,1.3567583333333333,1.3300166666666666,4.184241666666666,0.99555,1.2547666666666666,3.2667916666666668,4.48985,6.815016666666668,6.897616666666667,24.337975,22.441883333333333,123.32748333333332,201.16881666666666,61.765325,234.25708333333333,262.63039166666664,17.364875,6.6482,5.336425000000001,7.786608333333334,37.118233333333336,25.673600000000004,9.897316666666667,12.458958333333333,11.111275000000001,10.953375,4.877666666666666,5.455583333333333,8.042066666666667,1.8046416666666667,4.152083333333334,8.099191666666668,9.251375,9.065125,8.491425,6.362983333333333,9.171241666666667,9.013425,5.323683333333333,6.882575,4.955866666666667,4.074016666666666,5.4658500000000005,4.338283333333333,2.984425,4.203508333333334,3.3742666666666667,3.1450333333333336,3.3179916666666665,6.32835,8.030716666666667,6.239725,4.955783333333334,6.812541666666667,4.3111749999999995,5.957458333333334,18.241508333333332,14.763883333333334,5.058725,6.494566666666667,9.10595,8.478358333333333,2.3012083333333333,1.4959749999999998,1.518275,2.5503666666666667,1.5817916666666667,0.51305,1.3033166666666667,1.6375666666666666,2.4427833333333333,11.414008333333333,11.292908333333335,13.896625,8.405666666666667,2.8342916666666667,1.7730750000000002,2.626533333333333,1.5049000000000001,1.4512083333333334,1.4563083333333333,1.6818583333333335,3.250391666666667,2.857691666666667,4.100216666666667,3.8624666666666667,6.611766666666668,9.596058333333334,2.869025,3.8116749999999997,3.083541666666667,1.9418583333333332,4.1551833333333335,10.588766666666666
Poland,1.2815583333333336,0.6022166666666667,0.6334666666666666,0.49948333333333333,4.603133333333333,11.175741666666667,4.408399999999999,0.965375,0.28054166666666663,0.24235833333333334,0.21694166666666667,0.27991666666666665,1.8099666666666667,0.22729999999999997,175.83284166666667,190.78776666666667,53.68671666666666,61.40345833333333,109.94630833333333,83.58098333333334,65.05861666666667,17.443324999999998,5.252566666666667,9.445025,2.3524166666666666,5.139875,4.722041666666667,4.284608333333334,2.7537749999999996,2.0340000000000003,3.1573083333333334,3.1262000000000003,3.608216666666667,5.761775,4.362150000000001,13.692883333333334,13.375325000000002,6.252966666666667,39.80095,453.00415,112.51145000000001,86.90544999999999,68.6929,117.33404166666668,410.0958083333333,168.45160833333333,55.44027500000001,23.736333333333334,18.077316666666665,9.95265,19.470591666666667,16.521616666666667,8.842016666666668,12.481141666666668,10.474483333333334,10.236983333333333,28.08011666666667,20.56181666666667,44.4179,14.823783333333333,11.419550000000001,34.53245833333333,25.959949999999996,29.01014166666667,11.779200000000001,9.739041666666667,12.060183333333335,14.247425,24.69034166666667,12.373325,9.129691666666666,10.487116666666667,9.01755,8.059325,2.6608416666666668,7.233433333333333,5.9182,5.580850000000001,12.199633333333333,8.049333333333333,25.5501,60.6912,84.78895833333333,31.743341666666666,15.410033333333333,8.85645,9.474208333333335,12.135075,8.574291666666667,17.722491666666667,24.206,13.329541666666666,5.647391666666667,4.62495,5.492,3.6843,2.9860583333333337,2.6361250000000003,1.561,2.7724166666666665,0.85255,7.802441666666667,4.159841666666667,10.127733333333333,9.455083333333333,3.3162583333333338,2.6315500000000003,4.852541666666666,4.797341666666667,4.98505,3.805591666666667,1.5972583333333334,1.9545000000000001,1.4207416666666666,10.973999999999998,5.924466666666667,9.456283333333333,6.915358333333334,3.8560166666666666,4.496366666666667,3.50695,5.890866666666667,80.400775,24.805966666666666
Portugal,5.9687833333333336,1.0997,0.7220083333333333,0.5331333333333333,1.4830750000000001,0.13319166666666668,0.2891333333333333,0.6378583333333333,0.9318583333333333,0.3038416666666666,1.4905916666666668,2.5835833333333333,0.9214500000000001,0.7590666666666666,25.692058333333335,20.8653,33.7068,34.117016666666665,48.06410833333334,8.538475,2.3465416666666665,1.911975,1.0504499999999999,1.6064749999999999,0.76855,0.6645000000000001,0.7992,1.2238833333333334,0.5468000000000001,0.5591583333333333,1.1238416666666666,1.9758916666666666,1.3352583333333332,0.6758000000000001,0.7906083333333332,4.238416666666667,24.612008333333335,10.453058333333333,6.580775,28.585949999999997,38.36586666666667,44.65239166666667,49.200958333333325,41.555550000000004,38.03723333333333,12.895024999999999,5.217591666666666,2.8898500000000005,3.2802666666666664,2.807158333333333,5.692616666666666,6.833358333333334,10.267850000000001,3.341708333333333,1.9115,2.7632999999999996,3.7270833333333333,2.597416666666667,1.4477583333333335,1.2084166666666667,3.4217083333333336,26.56279166666667,12.230825000000001,19.284658333333336,5.559433333333334,6.83505,5.899458333333333,6.318616666666667,6.225991666666666,3.590225,5.026883333333333,4.53325,2.8095583333333334,3.9914000000000005,6.289075,29.59035,10.310083333333333,4.672841666666667,4.9956,3.763325,5.5076,6.863183333333333,6.884541666666667,5.485966666666667,4.0766,5.858958333333334,7.139066666666667,3.8793666666666664,2.30615,2.7596000000000003,4.681641666666667,3.9026750000000003,6.968666666666667,3.6378000000000004,2.0588083333333334,0.8836166666666667,0.7912750000000001,0.79185,2.13165,2.6197083333333335,1.017325,1.2976,1.7242749999999998,5.235616666666666,2.198941666666667,0.9172083333333334,0.5987166666666667,1.188525,0.6749333333333333,0.7493916666666666,3.4766166666666667,1.6178,0.93045,0.502,0.42210833333333336,2.0671916666666665,1.6205583333333333,1.8584000000000003,0.3164,1.3596833333333336,0.799675,0.5715333333333333,2.455016666666667,2.553675
Russia,41.03569166666667,9.147458333333333,5.955591666666667,23.650616666666668,146.54004166666667,58.981425,15.224275,7.468283333333333,6.814291666666667,4.3353166666666665,1.8541083333333335,13.301533333333333,19.590633333333333,9.724241666666666,640.1462166666666,770.5948166666667,586.3533083333333,711.4877,635.2582833333333,251.21609166666667,99.31269166666668,28.555441666666667,23.852125,19.46379166666667,12.679499999999999,11.485108333333335,7.723625000000001,16.433691666666665,5.527891666666666,13.597949999999999,8.865783333333335,12.945325000000002,23.130658333333333,15.466341666666667,13.821733333333334,33.032575,65.99717500000001,56.401175,84.46810833333333,453.7552,258.4528583333333,542.2636916666667,734.2930916666666,941.6651166666667,1087.4819916666668,581.34655,216.0833,122.09949999999999,194.31718333333333,107.758175,325.311075,302.764575,129.694825,135.63790833333334,101.123825,111.91399166666667,184.34779166666667,178.84285,217.17750833333332,122.13007499999999,136.65583333333333,306.044675,308.6123083333333,267.673425,95.67244166666667,110.4345,85.79118333333334,164.96700833333333,116.03534166666667,109.54835000000001,128.3556583333333,89.13669166666666,92.455625,96.31639166666668,63.13798333333333,80.62175,63.385016666666665,69.83535833333333,101.97625833333335,114.01865833333333,206.9150666666667,193.7997,277.84205000000003,200.93189166666664,112.2749,118.43749166666667,117.4224,111.296725,71.033825,80.57683333333334,134.82017499999998,186.68240833333334,57.22179166666666,76.0066,75.02031666666666,54.909258333333334,33.96293333333333,15.224783333333335,29.3403,46.228858333333335,23.64815833333333,119.12010833333333,74.69575833333333,117.33524999999999,56.317074999999996,36.091474999999996,52.739325,39.16379166666667,34.868825,36.80278333333334,43.19795,30.86000833333333,44.291266666666665,45.72051666666667,93.11504166666667,94.69499166666667,82.36376666666668,101.90086666666667,67.49863333333333,62.079725,42.378825,39.34099166666667,374.05384166666664,196.73780833333333
Saudi Arabia,0.0,0.0,0.0,0.0,0.0,0.0,0.0,0.0,0.0,0.0,0.0,0.0,0.0,0.0,0.0,0.0,0.4902666666666667,0.0,0.0,0.0,0.0,0.0,0.0,0.0,0.0,0.0,0.0,0.0,0.0,0.0,0.0,0.0,0.0,0.03739166666666666,0.26933333333333337,0.11024166666666668,0.21069166666666664,0.15627500000000003,0.3698333333333334,0.6021,3.391966666666667,3.2839000000000005,0.9943083333333335,2.2350166666666667,3.9820583333333333,6.0863000000000005,2.7998,2.9772999999999996,7.610716666666666,1.9621833333333332,3.2423249999999997,3.569575,1.4143833333333333,2.358375,1.6004416666666668,3.363308333333334,16.146166666666666,16.800166666666666,4.655233333333333,0.9602833333333333,1.2125833333333333,3.4585666666666666,6.688124999999999,6.990816666666667,1.5706166666666668,3.695233333333333,3.582125,18.195908333333332,3.139241666666667,5.577366666666667,8.03225,3.8973666666666666,1.3395416666666666,24.899424999999997,14.535741666666667,12.436191666666666,10.21295,10.309600000000001,19.026158333333335,19.552308333333333,34.81496666666667,39.14951666666666,35.288358333333335,19.31544166666667,19.795841666666668,8.399241666666667,12.523175,16.858491666666666,9.280233333333333,7.851091666666666,129.13058333333333,139.73736666666667,9.061774999999999,7.013166666666667,6.930483333333334,4.648525,10.971708333333334,4.22335,10.100366666666668,4.936608333333333,4.207883333333333,66.16286666666666,35.40481666666667,49.725458333333336,31.056091666666664,12.005466666666665,11.483716666666666,13.584266666666666,6.84995,7.658125000000001,9.944225000000001,19.5853,16.935591666666667,15.035583333333333,17.895241666666667,46.24874166666667,26.052958333333333,31.25865,21.424674999999997,29.064141666666668,16.081875,7.576316666666667,31.970408333333335,35.94631666666667
Sweden,0.8541,0.478925,0.4381166666666667,0.6814166666666667,2.3809,5.055141666666667,0.51635,0.6162083333333334,0.403675,0.5832333333333334,0.16911666666666667,0.6134416666666667,0.8554416666666667,0.8244666666666666,53.07398333333334,73.91110833333333,44.374541666666666,122.66530833333333,121.27310833333333,22.346858333333333,4.7435583333333335,3.4156999999999997,0.8123333333333332,1.9481166666666667,1.7198666666666667,0.9913583333333333,0.8529583333333334,1.1801083333333333,0.7404999999999999,1.0769666666666666,1.157175,0.9766583333333334,1.5344499999999999,1.6984416666666668,1.6383583333333334,4.885400000000001,4.995508333333334,3.551725,9.155533333333333,107.39257500000001,121.42365833333334,51.63595833333333,81.63185833333334,163.32323333333332,177.44410833333333,55.40562499999999,9.572225000000001,7.533650000000001,13.959575000000001,5.977241666666667,18.437783333333332,13.071425,6.084725,9.001966666666666,4.642675,4.948691666666667,8.3313,5.935300000000001,11.840558333333334,2.572766666666667,6.108458333333334,17.942783333333335,14.734141666666666,7.4981583333333335,6.484649999999999,3.3764833333333333,3.553725,10.351625,7.097383333333333,5.9883500000000005,6.699991666666667,4.999041666666667,5.402875000000001,3.864141666666667,2.683108333333333,2.928058333333334,4.194916666666667,3.0818833333333338,4.170425000000001,2.7346000000000004,4.886441666666667,6.543466666666666,6.642016666666667,8.21925,9.078425000000001,4.482425,8.412049999999999,3.4274,2.4979416666666667,2.9089833333333335,5.389975,4.959991666666666,4.491091666666667,5.0896333333333335,2.881675,3.6102166666666666,2.266691666666667,1.2494166666666666,1.2111750000000001,1.0844166666666666,1.5846583333333335,6.3754,4.507358333333333,4.994833333333333,2.2888916666666668,1.8328333333333333,2.29305,1.7525583333333332,1.3061333333333334,1.7410416666666666,3.9817083333333336,1.530425,1.4747083333333333,2.6412166666666668,3.767533333333333,4.93085,6.678349999999999,6.967058333333334,4.4308000000000005,4.915866666666667,2.573175,2.943733333333333,24.93920833333333,15.320658333333334
Thailand,9.546033333333334,1.8049333333333333,2.7897166666666666,6.603408333333333,13.086825,3.3808333333333334,1.5346916666666666,1.079975,1.679975,1.6109583333333335,1.6272916666666666,3.3828666666666667,2.8339250000000002,3.2416,52.229758333333336,53.033683333333336,51.775441666666666,55.86666666666667,54.72171666666667,25.436449999999997,4.031183333333334,2.282833333333333,1.9345416666666668,2.5124833333333334,2.51285,1.9311583333333335,0.9471166666666667,1.145325,0.70065,0.8260500000000001,0.5961166666666667,0.8577916666666666,2.0258833333333333,1.9218416666666667,1.7357500000000001,8.591233333333333,4.6836,3.7220666666666666,9.26965,21.437308333333334,25.45215,96.89219166666665,80.85178333333333,72.82248333333334,65.24576666666667,71.68441666666666,7.010275,6.943425,7.492158333333333,4.663525,20.721475,22.329783333333335,11.297591666666667,18.297050000000002,18.342016666666666,14.480816666666668,7.678741666666666,9.125266666666667,16.06886666666667,5.913608333333333,11.554283333333332,20.242866666666668,14.460941666666669,7.418816666666667,12.706716666666667,11.877933333333333,15.83225,21.771325,18.079666666666665,16.028333333333332,23.864141666666665,17.969458333333332,28.947958333333332,15.838758333333333,6.894158333333333,14.368133333333333,4.78015,5.0597,10.261808333333333,17.171308333333332,13.119641666666666,8.511083333333334,8.728666666666667,11.936541666666669,5.243616666666667,8.216925,4.442216666666666,2.5623916666666666,4.605175,3.672616666666667,4.778358333333333,6.128825,3.9688083333333335,2.4597166666666666,1.967875,2.0802166666666664,1.2379166666666668,0.5875333333333334,1.4713166666666666,1.1241833333333335,0.8583083333333333,4.157483333333334,4.132275,9.487833333333333,5.785050000000001,4.8662,3.6228583333333333,4.2979416666666665,3.692725,3.2870833333333334,5.142,2.7744583333333335,3.15715,2.142875,3.431608333333333,2.405075,2.224108333333333,2.2425166666666665,1.5764000000000002,2.272675,2.5169833333333336,2.1063583333333336,3.650325,4.633275
Tunisia,0.20119166666666666,0.08691666666666668,0.068875,0.24725833333333333,0.29328333333333334,0.33289166666666664,0.1985916666666667,0.022008333333333335,0.03000833333333333,0.0,0.03028333333333334,0.9428666666666666,0.32276666666666665,0.0,6.382758333333332,5.1859416666666664,1.986025,1.5194083333333335,2.4139916666666665,1.0015500000000002,0.6774416666666667,0.269475,0.5042583333333334,0.19011666666666668,0.13510833333333333,0.16262500000000002,0.15023333333333333,0.029091666666666665,0.21473333333333333,0.039,0.16074999999999998,0.12458333333333334,0.090575,0.11212499999999999,0.21520833333333333,0.974125,0.44980000000000003,2.0147833333333334,3.4478416666666667,9.386433333333333,19.313708333333334,11.336325,105.51658333333334,373.10560000000004,32.582541666666664,3.9979750000000003,0.7975916666666666,0.6964250000000001,0.296825,0.44073333333333337,1.2234583333333333,1.0432750000000002,7.945666666666667,2.9794416666666663,5.815383333333333,3.97115,9.15405,11.158766666666667,21.602950000000003,4.5244333333333335,9.106233333333334,28.867325000000005,13.077266666666667,5.679375,1.9160166666666665,2.161475,1.4306583333333334,7.493841666666667,1.1791,1.2727583333333332,4.307941666666666,1.04975,0.48555833333333337,2.9158749999999998,1.579275,1.3150916666666668,1.2093749999999999,0.8876,0.6121916666666667,1.244675,3.9727416666666664,4.744408333333333,6.785066666666666,6.170166666666667,1.8710666666666667,10.562966666666666,7.537400000000001,2.0986333333333334,3.9758,4.758258333333333,6.267366666666667,9.253641666666667,2.2772916666666667,2.698983333333333,2.993675,1.4398166666666665,0.5293249999999999,0.30441666666666667,0.45598333333333335,0.37233333333333335,0.573625,3.4399499999999996,4.570108333333334,4.396658333333334,2.9177916666666666,1.0438083333333334,0.44555000000000006,1.188975,0.29355000000000003,0.48500000000000004,0.2028916666666667,19.628833333333333,5.473949999999999,2.2934916666666667,2.7379916666666673,5.284125,6.757875000000001,2.7124,0.6355666666666667,1.1474583333333335,0.44695,0.9162166666666667,2.0061416666666667,2.413666666666667
Turkey,6.752266666666666,3.938541666666667,2.5271500000000002,17.704125,13.219341666666667,4.8097916666666665,2.486283333333333,0.884725,4.783483333333334,3.214691666666667,1.0841833333333335,18.282408333333333,42.973525,12.394091666666666,171.49779166666667,350.342025,233.25935,264.462025,239.99975833333335,54.581525,35.97785833333333,13.775916666666667,20.075466666666667,14.586416666666667,3.4789,4.693166666666667,2.5518666666666667,2.013275,1.171,1.9059666666666668,2.1873083333333336,1.8920333333333337,2.9048583333333333,2.0024583333333332,2.6008833333333334,13.170833333333334,9.031875000000001,5.8639,7.780191666666667,97.95094999999999,87.74621666666667,134.54884166666668,55.19209166666667,113.54831666666666,106.21184166666667,32.30628333333333,19.752308333333335,23.952008333333335,13.903475,8.49705,24.750741666666666,37.480925000000006,11.6836,12.705208333333333,8.543091666666667,11.013058333333333,24.512225,28.6747,23.9038,7.529325,7.9067083333333334,12.185591666666667,25.614108333333334,16.05045,27.368241666666666,7.865558333333333,5.424366666666667,16.458908333333333,6.834641666666667,5.035991666666667,7.2266,5.1513333333333335,4.73125,4.749016666666666,18.55610833333333,24.419133333333335,8.377875,7.884125,17.033225,12.707275000000001,20.63168333333333,15.604433333333333,14.9898,10.264975,7.2180333333333335,5.7943,14.553116666666666,5.207066666666667,5.932391666666667,3.1604750000000004,37.186699999999995,45.595483333333334,13.291591666666667,14.082941666666668,10.197558333333333,7.5191333333333334,8.073783333333333,2.7433416666666672,5.459083333333333,9.238933333333334,2.4926833333333334,22.006574999999998,15.221733333333333,53.920325,21.046975,9.403158333333332,8.632875,14.82215,8.394608333333334,5.886808333333334,20.363475,24.318216666666668,32.37295833333334,19.921583333333334,24.845591666666667,47.89095,48.46427500000001,32.868825,25.150341666666666,26.274,15.8403,12.157391666666667,59.23954166666667,36.06095
Taiwan,0.9849333333333333,0.08356666666666668,0.04285833333333333,0.28665,1.8575916666666668,0.9291083333333333,0.16045833333333334,0.156875,0.15523333333333333,0.029075,0.03028333333333334,0.049933333333333337,0.2581,0.17359166666666667,0.47796666666666665,0.4632,1.2858666666666667,0.29184166666666667,0.44978333333333337,0.21161666666666668,0.5226666666666667,1.0269833333333334,0.0,0.0,0.08304166666666667,0.043075,0.02076666666666667,0.11215833333333332,0.06375833333333335,0.0,0.19875833333333334,0.18638333333333335,0.35833333333333334,0.30948333333333333,0.2966583333333333,0.373925,0.5943250000000001,2.4886250000000003,2.0396083333333332,1.4415333333333333,2.5493166666666665,10.87525,11.600683333333334,7.585766666666667,45.696333333333335,101.348425,1.0402833333333332,1.7849333333333333,0.8886916666666668,5.302133333333333,58.170775,49.107483333333334,12.636975,20.983016666666668,14.930900000000001,48.523741666666666,14.378891666666666,7.0383666666666675,47.510850000000005,6.021091666666667,7.526483333333334,6.437433333333334,8.914241666666667,6.211175000000001,6.003283333333333,3.3323666666666667,5.150233333333333,3.40785,2.2121583333333334,5.182424999999999,3.8475916666666667,8.2081,5.476675,2.591816666666667,1.1746416666666666,4.166008333333333,2.720375,3.3540083333333333,4.65855,6.878841666666666,3.676933333333334,6.024566666666666,8.070091666666666,4.272916666666666,2.6986416666666666,1.4677333333333333,1.3906333333333334,1.550025,1.5579833333333333,1.6704916666666667,1.9473833333333335,2.992775,1.980625,2.378833333333333,2.44915,3.0338,4.967066666666667,1.1332166666666668,1.6989833333333333,6.484583333333333,3.7014833333333335,10.302541666666668,3.981408333333333,7.20805,4.658158333333334,5.595466666666667,3.3741,2.0890333333333335,2.4812666666666665,1.3256750000000002,4.298641666666667,1.6356833333333334,1.9290833333333335,0.6606833333333334,1.1814500000000001,1.8004,4.17875,5.576216666666667,2.03975,3.350633333333333,5.1095999999999995,5.172808333333333,34.73415,31.946708333333333
Ukraine,0.0,0.0,0.0,0.0,0.0,0.0,0.08405,0.039625,0.0,0.095075,0.026166666666666668,0.0,0.07665000000000001,0.0,3.53985,1.7407083333333333,2.177425,18.03325,125.95261666666669,27.183133333333334,12.470816666666666,2.5903416666666668,0.565775,0.41491666666666666,0.38277500000000003,0.14961666666666668,0.18430000000000002,0.6323583333333334,0.1743416666666667,0.42355000000000004,0.6819083333333333,0.16809166666666667,0.13719166666666668,0.4247916666666667,0.49749166666666667,0.8261583333333333,2.1879833333333334,1.1323416666666668,5.048316666666667,46.75171666666666,6.86815,78.38380833333333,51.59674166666667,159.32563333333334,189.133475,73.74781666666667,17.955291666666668,2.8458166666666664,11.169325,3.1474833333333336,2.756483333333333,2.1724083333333333,1.0135166666666666,1.2826,0.8033416666666667,1.2936416666666668,1.683275,1.9455916666666668,0.6006083333333333,1.3671333333333333,1.0653416666666666,2.6202833333333335,1.456933333333333,2.5172083333333335,0.8543083333333333,0.7886083333333334,0.42682499999999995,1.4878083333333334,1.2302,0.8729666666666667,1.0740666666666667,0.467875,1.0832750000000002,0.4829333333333334,0.540725,0.3424833333333333,0.8339666666666666,0.5471416666666667,0.29989166666666667,1.1755333333333333,1.2219666666666666,2.0036583333333335,1.3480999999999999,2.04485,1.844566666666667,1.9512749999999999,3.7650666666666663,0.9105,0.6884416666666667,1.1763333333333332,3.2178000000000004,16.69621666666667,10.366850000000001,13.338483333333334,11.735341666666665,4.920058333333333,2.159358333333333,1.2378,0.946475,2.411325,1.0837166666666667,5.48295,3.1052083333333336,4.325575,5.582291666666666,4.347966666666667,3.4262083333333333,1.7570083333333335,4.393383333333333,2.453291666666667,2.79865,1.2045333333333332,1.1802,1.7023,70.4562,31.142208333333333,18.568675000000002,25.27424166666667,12.893375,10.640133333333333,11.186941666666668,15.167408333333332,362.36905,181.73376666666664
United States,182.3478,65.0209,64.69820833333334,84.76194166666666,201.548125,98.73421666666667,59.215325,40.6824,34.982958333333336,32.04929166666667,31.271391666666663,99.10882500000001,112.20994999999999,88.16038333333334,1996.0103083333333,2472.2194,2225.3923,2955.742425,3820.0544416666667,956.7342166666667,345.7871916666666,177.47481666666667,140.76144166666666,119.24419166666667,85.89858333333332,70.02210833333334,48.60975833333333,74.95021666666666,47.06915833333333,57.015858333333334,62.654500000000006,68.47004166666666,132.56025,101.28687500000001,90.48558333333334,280.46715,276.4130833333333,259.11811666666665,384.90680833333334,1671.740675,1355.7185666666667,2142.852575,3187.180225,4082.157533333333,4912.590616666666,2078.6855416666667,506.7675166666666,333.56325,455.0937166666667,239.09396666666666,837.218575,843.6389083333333,379.4485833333333,364.470225,294.37648333333334,274.57234166666666,362.4209,341.97380833333335,463.71497500000004,231.66296666666665,252.83270000000002,562.7138083333333,573.231575,491.524725,288.70362500000005,354.5163583333333,283.90184166666666,454.341575,378.17068333333333,311.77912499999996,379.9927833333333,265.245025,272.8582416666667,230.56769166666666,167.135875,212.55439166666667,161.6036,160.364125,226.90262499999997,255.95290833333334,375.668625,362.4453166666667,552.5553583333334,384.79373333333336,269.87236666666666,296.02914166666665,292.895475,246.6120083333333,185.30908333333332,226.69175000000004,396.43008333333336,565.3416,194.8758333333333,258.21840833333334,273.375275,198.49219166666668,129.06215,56.076024999999994,98.28634999999998,121.652625,73.1806,798.7626833333334,435.6216,702.004375,423.63264166666664,243.4082083333333,254.29525833333332,245.3446583333333,175.87395833333335,171.43220833333336,194.31191666666666,201.11086666666665,165.42478333333335,173.42578333333336,233.09959166666667,321.99300833333336,251.9818,273.27252500000003,167.894175,178.67863333333332,164.42303333333334,125.20864999999999,472.834775,372.38710833333334
Venezuela,1.9496666666666667,7.17895,11.467033333333333,8.111966666666666,2.1026583333333333,3.9128249999999998,1.3969666666666667,0.6951083333333333,2.22125,0.6872416666666666,0.17449166666666668,1.0032666666666668,0.3675,3.0782166666666666,6.902183333333333,3.6969499999999997,4.4278249999999995,8.565283333333333,0.7902083333333333,1.4819916666666666,0.43144166666666667,0.33508333333333334,0.0,0.15244166666666667,0.18725833333333333,0.131525,0.18611666666666668,0.5174249999999999,0.5898583333333334,1.152575,0.6093083333333333,0.5391916666666667,0.2713666666666667,0.14453333333333332,0.2733583333333333,1.708475,1.0101666666666667,1.2859416666666668,3.412558333333333,8.384525,11.103475000000001,9.797216666666666,14.815800000000001,3.929016666666667,4.008633333333333,7.354133333333333,2.2033916666666666,2.019633333333333,2.749241666666667,1.5895833333333333,2.5013916666666667,5.51565,0.9292833333333334,0.9632333333333333,2.5376083333333335,0.9222666666666667,2.206741666666667,0.7768666666666667,5.0083166666666665,4.118833333333334,7.4432833333333335,9.721200000000001,14.201133333333333,18.617433333333334,8.591641666666668,4.7031583333333336,3.4399166666666665,6.47775,1.81255,2.775275,1.7465666666666666,1.3683166666666666,1.1235000000000002,1.8699583333333336,3.289425,4.471525,2.8407583333333335,2.7400333333333333,4.253008333333333,5.277691666666667,6.118058333333334,6.2584333333333335,12.013383333333332,9.120166666666666,5.977658333333333,3.485341666666667,2.0362,2.04815,1.5688583333333332,2.4364500000000002,7.4230583333333335,3.3541333333333334,4.379358333333333,4.74515,3.4140083333333333,1.03115,0.5816,0.19353333333333333,0.649525,1.2079333333333333,1.54485,2.967491666666667,5.503125,9.566325,4.269366666666667,3.276025,5.163316666666667,3.6814916666666666,5.516791666666667,4.866741666666667,2.884933333333333,1.4874083333333334,2.830033333333333,1.4849500000000002,2.5702166666666666,4.692941666666667,2.266766666666667,7.196083333333334,4.924441666666667,15.926333333333334,8.60285,2.8636583333333334,13.657974999999999,3.857333333333333
Vietnam,0.7532666666666668,0.1454,0.06616666666666667,0.11075833333333333,1.2962916666666666,1.878375,0.169525,0.026641666666666664,0.303875,0.0,0.0,0.14980000000000002,0.10522500000000001,0.050341666666666667,0.47796666666666665,0.6315750000000001,0.5931583333333333,0.5023916666666667,0.848825,0.47545,0.0,0.4378,0.04750000000000001,0.03953333333333333,0.047108333333333335,0.07740000000000001,0.03423333333333333,0.16613333333333333,0.22824999999999998,0.17601666666666668,0.5970666666666667,0.43229999999999996,0.9345083333333334,0.09010000000000001,0.12725,0.3031833333333333,0.293125,2.8437416666666664,4.487208333333333,13.173274999999999,41.622625,73.01770833333333,36.46009166666666,19.4734,41.90269166666667,108.17935833333333,6.618741666666668,6.316158333333333,2.132791666666667,3.762583333333333,40.52669166666667,32.33963333333333,25.211008333333336,39.941775,74.27159166666667,24.914225000000002,10.462016666666667,7.189183333333333,6.956958333333334,9.597025,9.455183333333332,39.90515833333333,48.572425,52.70630833333333,83.00910833333334,178.18451666666667,169.23300833333334,205.321875,209.28219166666668,136.0669333333333,155.50266666666667,117.18828333333333,148.8517,55.459475,16.708000000000002,49.441075000000005,14.139775,12.956975,22.68325833333333,42.521591666666666,34.10628333333333,24.01261666666667,28.539208333333335,29.048141666666666,19.6522,19.136083333333332,12.435233333333334,9.1459,8.331208333333334,9.907475,26.704575000000002,39.08359166666667,8.697783333333334,10.1395,7.723400000000001,5.893808333333333,2.1179333333333332,1.1652666666666667,2.0428166666666665,5.861358333333334,2.081875,16.839558333333333,9.208075000000001,20.760716666666667,9.88555,6.649408333333334,6.656825,6.3642,3.7457333333333334,3.313916666666667,3.532766666666667,2.7940916666666666,2.7598249999999998,3.288591666666667,5.503608333333333,6.552916666666667,6.121083333333334,6.274666666666666,5.351525,14.278216666666667,6.047841666666667,3.641833333333333,9.298399999999999,9.900983333333334
South Africa,42.95580833333333,9.748891666666667,5.139575,2.2554916666666665,3.7529833333333333,1.4143083333333335,1.077625,0.5677249999999999,0.6299750000000001,0.5021166666666667,0.10621666666666667,0.8388916666666667,1.2793916666666665,0.7928916666666667,38.86295833333333,27.060999999999996,20.016675000000003,16.955458333333336,15.931716666666667,7.476608333333334,2.4181,1.6812249999999997,1.6946083333333333,0.5701416666666667,1.2378833333333332,0.30961666666666665,0.4446916666666667,0.49009166666666665,0.6197166666666667,1.2647416666666667,0.8399333333333333,0.689575,0.9532916666666668,0.267475,0.4490166666666667,4.986058333333333,1.9597083333333334,2.9316583333333335,4.904883333333333,34.59708333333334,33.612716666666664,65.37079999999999,52.199241666666666,23.21643333333333,27.60513333333333,15.02055,7.405508333333334,3.6219,2.2361333333333335,1.8410083333333331,9.615900000000002,36.388758333333335,14.01535,4.299825,1.8065083333333334,1.1648583333333333,2.832725,1.9977250000000002,1.9301916666666665,0.7999083333333333,4.994775,9.385258333333335,8.237041666666666,14.134583333333333,6.984741666666667,7.967791666666667,9.80485,8.629758333333333,7.907183333333333,2.97235,9.150758333333334,5.262575,3.823608333333333,3.4772250000000002,3.6235416666666667,9.335841666666667,22.754841666666668,19.979758333333333,21.528058333333334,18.827858333333335,12.194991666666667,23.02895,16.808641666666666,11.769708333333334,11.841975,24.493233333333333,31.86959166666667,13.814316666666668,11.166150000000002,9.980966666666667,10.075158333333333,10.821758333333333,5.463775000000001,6.725741666666667,9.633566666666667,4.196516666666667,2.3154833333333333,2.3562,3.4621750000000002,3.2026916666666665,2.9907333333333335,5.531925,6.438058333333333,7.361083333333333,6.939158333333334,3.0266,3.5851,4.079933333333334,4.608591666666666,1.9673916666666666,2.320766666666667,4.172208333333333,2.4979916666666666,2.9199416666666664,2.7397500000000004,5.4775,1.7102000000000002,2.6401,1.4784083333333333,2.43395,1.7173333333333334,2.606925,5.152583333333333,8.725866666666667
