Name,Value
NN.0.weight,"[[ 1.51057437e-01 -3.60716224e-01  9.18883979e-02  7.38548413e-02
  -2.85993755e-01 -1.41554743e-01 -4.28893834e-01  1.32564381e-01
  -4.51378495e-01 -1.32614166e-01 -2.79965997e-01  2.93221802e-01
   2.71396279e-01 -1.78574920e-01  2.42881596e-01 -1.05167069e-01
  -6.44038841e-02 -1.61600932e-02  1.65711254e-01 -1.38463020e-01
  -1.07967287e-01]
 [ 4.33718324e-01  3.55372339e-01 -2.47149795e-01 -1.52050203e-03
  -3.17732185e-01 -1.30041271e-01 -1.03741713e-01  1.14405520e-01
  -1.96610883e-01  3.64024937e-01  3.33704591e-01  1.10059716e-02
   4.48110908e-01  4.69202995e-01 -8.24669451e-02  9.62070972e-02
   3.72757971e-01 -9.11567062e-02 -2.39107028e-01  7.04357997e-02
  -1.53718278e-01]
 [ 2.17986390e-01 -2.33180925e-01 -3.26977015e-01 -1.78687461e-02
  -2.63531566e-01 -3.27088147e-01 -9.13167819e-02  2.04047769e-01
   9.50134695e-02  1.51706263e-01  1.58107787e-01  1.72030032e-01
   2.38980666e-01  1.78712478e-03  3.21633160e-01  2.17175975e-01
  -1.22408062e-01 -3.68357927e-01 -3.32426369e-01 -2.06842553e-02
  -1.73639163e-01]
 [ 2.56287843e-01 -8.12132657e-02  2.65818257e-02  2.51703233e-01
  -2.45778680e-01 -2.46299297e-01  2.95523200e-02  1.11843355e-01
   3.95447403e-01  2.59345263e-01 -7.98263326e-02  3.61600816e-01
  -2.66679764e-01 -1.61911681e-01  3.68041486e-01  1.52248576e-01
   1.16683207e-01  4.43374068e-02  8.56712684e-02 -3.44649963e-02
  -3.61477017e-01]
 [ 2.66036481e-01  3.94713655e-02 -1.64571315e-01  2.33406529e-01
  -3.03783953e-01  8.40454921e-02  1.39494747e-01  3.51345353e-02
  -1.98818043e-01 -2.41227612e-01  1.70354858e-01 -4.50187832e-01
   4.12813574e-02  2.20750064e-01 -3.92719150e-01 -2.21267894e-01
   1.69573218e-01 -1.23747550e-01 -2.41126604e-02  1.49956986e-01
  -2.56062180e-01]
 [-1.46938190e-01  4.79801178e-01 -2.36975346e-02 -3.31780523e-01
  -5.58118187e-02  8.92542675e-02  3.56899738e-01  4.72415984e-01
   2.02208087e-01  1.12123385e-01  2.86162376e-01  1.96831197e-01
   2.10400997e-03 -1.96025997e-01  2.36503169e-01  3.18696015e-02
   3.30900282e-01 -2.04864249e-01 -1.35417789e-01 -1.85645744e-01
  -3.04503776e-02]
 [-2.51683027e-01 -2.65339285e-01 -3.40718061e-01 -1.31163776e-01
  -8.70105624e-02  3.70791018e-01 -2.97890186e-01  3.79429609e-01
   1.17433198e-01  4.26590323e-01  7.92051256e-02  2.05045879e-01
   3.35294992e-01  2.83558369e-01  4.63248789e-01  1.93043917e-01
  -3.32119256e-01  2.07335278e-01  5.44531876e-03  1.72223240e-01
   2.23502412e-01]
 [ 2.29997694e-01 -1.45144671e-01  1.43030599e-01 -1.68281823e-01
  -3.13052684e-01 -3.87775987e-01  3.13287616e-01  3.34752798e-01
   7.22092837e-02  3.19173992e-01 -6.10756502e-02 -1.87505350e-01
   4.42135818e-02 -2.21803069e-01 -3.37835699e-02 -2.03888312e-01
  -1.76511839e-01 -1.59678161e-01  1.36095285e-01 -3.09360564e-01
   1.15778908e-01]
 [ 2.21373260e-01  3.32794875e-01  4.44910556e-01  1.07932962e-01
  -4.84361723e-02  3.08278296e-02  4.13930751e-02 -8.68586972e-02
   1.72722518e-01  4.00157273e-01  4.25058424e-01  6.34373873e-02
   8.33901316e-02 -7.98650458e-02  3.74073714e-01  4.35684144e-01
   3.83092552e-01  5.34717515e-02  2.76642263e-01 -2.91546062e-02
   3.05915296e-01]
 [ 9.24211666e-02  2.24250168e-01 -1.66195706e-01 -2.73894966e-01
  -2.79709194e-02 -1.84668958e-01  1.86094150e-01 -1.61982581e-01
  -1.73641592e-01 -1.20189697e-01 -1.14270849e-02 -4.25209701e-01
   1.77692935e-01 -3.62109542e-01 -6.80601373e-02 -8.79783928e-03
   2.07005933e-01 -8.20616484e-02  1.07760906e-01 -9.41094458e-02
  -3.30342472e-01]
 [-3.40089589e-01 -2.81432807e-01  2.31307313e-01 -5.73534071e-02
   1.14553370e-01 -1.11343653e-03  4.34666798e-02 -7.12492317e-02
  -3.40888977e-01 -2.86036313e-01 -1.72357615e-02  3.81902874e-01
  -3.03675801e-01 -1.30919656e-02 -9.30366293e-02  2.37317756e-01
  -2.99464345e-01 -1.75126493e-01 -2.43738499e-02  3.18370283e-01
  -3.32757622e-01]
 [-1.49606064e-01 -3.47505838e-01 -2.21090734e-01 -3.06420594e-01
   3.84480543e-02 -2.49066427e-01 -1.00267299e-01 -2.47894377e-01
   1.75172523e-01  7.03744143e-02  5.70063777e-02 -1.86227009e-01
   1.65983975e-01  1.24284096e-01 -3.02203391e-02 -3.73771012e-01
  -1.66436240e-01  1.68925896e-01 -3.76716077e-01  6.46916553e-02
   8.69403407e-02]
 [ 8.46089721e-02 -8.01601857e-02 -1.95795670e-01  1.94878787e-01
   3.05573255e-01  2.58388430e-01 -2.79726889e-02 -3.78694087e-01
   4.98594940e-02 -3.92079912e-02  1.05301596e-01 -2.33266100e-01
   9.14007798e-02  1.00709908e-01 -4.39529747e-01 -3.24177772e-01
   1.00836664e-01 -6.49254546e-02 -1.68592289e-01 -4.32393774e-02
   4.86221127e-02]
 [ 8.94281939e-02  2.90273279e-01 -2.80800581e-01  2.55315036e-01
   3.37260872e-01  2.07932983e-02 -3.48487496e-01 -4.31080729e-01
  -5.23340344e-01 -4.59010787e-02 -7.37021640e-02  1.55193090e-01
   9.48638320e-02 -2.96945810e-01  7.31102005e-02 -1.17057294e-01
   9.02737752e-02  3.19520421e-02 -4.17401269e-02  1.10381752e-01
  -1.55615956e-01]
 [ 1.90036371e-01 -8.26370940e-02 -1.66309252e-01 -2.00347185e-05
   8.45666379e-02  1.82815492e-02  2.78484136e-01  2.36109734e-01
  -7.38476589e-03 -3.82355712e-02  2.36163691e-01  6.46625981e-02
   3.00237805e-01 -3.11947037e-02 -4.49249744e-01 -2.06399024e-01
   3.02286536e-01 -1.33565858e-01  3.32655124e-02 -1.90776348e-01
  -1.49581760e-01]
 [-3.93001974e-01 -7.78246149e-02 -1.22401655e-01  2.21951917e-01
   3.19270082e-02  2.14504838e-01  1.97793692e-01 -3.28055382e-01
  -1.14712000e-01 -8.09739903e-02 -2.22072244e-01 -2.59874761e-01
  -3.26739758e-01 -2.89943963e-01  2.83800662e-01 -3.60672414e-01
  -2.58393496e-01  2.72192538e-01 -7.21670268e-03  5.27704880e-03
   2.50085056e-01]
 [-3.12928170e-01  1.96377099e-01  2.09408835e-01  1.04036339e-01
  -4.44317870e-02  4.43952054e-01 -1.99976727e-01 -8.24320614e-02
  -2.04350650e-01  2.46354967e-01  2.32692018e-01  3.05923939e-01
   3.67530257e-01  1.41966730e-01 -2.56683350e-01  4.45552170e-01
  -1.42926246e-01  2.74171025e-01  9.72114801e-02  1.15935534e-01
   2.04305246e-01]
 [ 1.01532154e-01 -3.26669991e-01  1.44840717e-01 -2.11256906e-01
  -1.78820372e-01  1.18596762e-01  2.29865797e-02 -3.14236730e-01
  -3.37142527e-01 -8.50465074e-02 -1.07291043e-01 -1.02259338e-01
   8.28021765e-02 -9.75177139e-02  1.65303797e-01 -1.79088235e-01
   3.18318605e-02  2.22120091e-01 -1.68167293e-01  4.59024161e-02
  -2.35110641e-01]
 [ 1.17940351e-01 -3.52891833e-01  1.74097955e-01 -2.69085735e-01
  -7.12747946e-02 -3.80811304e-01  2.53836930e-01 -2.62407690e-01
  -1.90410800e-02  2.21491769e-01  1.07047789e-01 -2.66070757e-02
   9.02541876e-02  4.91184779e-02 -7.93124288e-02  2.88642824e-01
  -1.82587355e-01 -1.58719167e-01  1.02768250e-01 -1.76994562e-01
  -1.01852491e-01]
 [ 2.27444589e-01 -5.80836236e-02  1.98569909e-01  4.41725314e-01
   2.62772322e-01  5.09892330e-02  1.93448439e-01 -3.86977255e-01
  -3.46617177e-02  8.57411623e-02  1.21792965e-01  1.09165549e-01
  -3.07508141e-01 -3.98501277e-01 -1.96186751e-01 -9.13643762e-02
   5.94143756e-02  2.42200270e-01 -3.48703593e-01 -3.34382117e-01
   3.24011259e-02]]"
NN.0.bias,"[-0.06456959  0.11562251  0.03376363  0.12952475 -0.05498298  0.11344911
 -0.00185194  0.01562394  0.17822489 -0.09170745  0.00229853 -0.19120121
 -0.13297647 -0.22108749 -0.00831468  0.05087315  0.07300277 -0.11297809
  0.00438797 -0.14754839]"
NN.2.weight,"[[ 3.25119644e-01  1.40588045e-01  7.25602508e-02 -1.20681636e-01
  -5.40191568e-02 -2.75751740e-01 -3.94765198e-01  3.85486335e-02
   5.48240133e-02  6.20215349e-02 -1.58316880e-01 -3.64229344e-02
   2.25449160e-01  2.78991789e-01 -1.32613137e-01 -1.12345852e-01
   1.72051325e-01  3.01873535e-01  2.58669943e-01 -1.58731341e-01]
 [ 1.31146923e-01 -3.22062880e-01  1.64456084e-01  1.62494853e-01
   1.44820213e-01 -1.55891582e-01  5.79219917e-03  7.55888224e-02
  -3.35563511e-01  3.13262284e-01  3.43589522e-02 -8.59914869e-02
   6.60595344e-03 -1.94041785e-02  3.03794056e-01 -8.39194432e-02
   2.84787834e-01 -3.62374331e-03 -3.78109097e-01  1.77404620e-02]
 [ 2.03834161e-01 -3.17115545e-01 -2.67927736e-01  8.38574953e-03
   1.54637620e-02  1.86943766e-02  1.99486643e-01  1.41425893e-01
  -2.23332644e-01  2.25381464e-01  5.48749454e-02  8.35977197e-02
   1.16674490e-02 -5.86816147e-02  2.52863020e-01  1.21074647e-01
   1.02156743e-01 -3.36520225e-02  1.28344968e-02 -1.04439832e-01]
 [ 1.93624616e-01 -3.15622300e-01  2.82839537e-01  2.98123360e-01
  -1.05697336e-02  3.30724418e-01 -1.25063375e-01  1.87395945e-01
  -1.46660328e-01  2.85521507e-01 -1.94876362e-02  2.01592997e-01
   2.94268847e-01  2.02056259e-01 -1.78344980e-01  1.33798346e-01
  -8.33127350e-02  1.50521487e-01  4.25983787e-01 -2.61042714e-01]
 [-2.81893462e-01 -2.15611905e-02 -3.90819520e-01 -7.83434212e-02
   1.69144422e-01 -2.38916472e-01 -3.56753208e-02  2.33981609e-01
  -3.57264012e-01 -6.51415661e-02 -1.07491553e-01  2.56074399e-01
   3.19892019e-02 -1.92541644e-01  2.16964915e-01 -2.66043872e-01
  -2.24494636e-01  6.80141598e-02 -1.11611262e-01  5.29134162e-02]
 [-2.48754144e-01 -3.47661883e-01  1.78437829e-01 -3.20782125e-01
  -2.02116668e-01  1.75431684e-01  1.57208160e-01 -1.14522599e-01
  -7.43154511e-02  1.70821518e-01 -8.22754800e-02 -1.60468608e-01
   2.55342394e-01 -2.13678762e-01 -1.11965369e-02  2.12755382e-01
  -3.12922476e-03 -1.95023090e-01 -2.65715331e-01  1.25026062e-01]
 [ 1.67989492e-01  1.23343028e-01  3.52379143e-01 -2.21966192e-01
   1.09184764e-01  2.20883474e-01 -6.98318556e-02  2.90722072e-01
  -1.31459177e-01 -2.35649332e-01  5.52307069e-03 -2.60530025e-01
   2.22652733e-01  2.59949535e-01  1.57764748e-01 -1.50252491e-01
   8.54161903e-02  1.36628702e-01 -4.24619466e-02  1.64539650e-01]
 [-1.40489206e-01  2.03995690e-01  1.24297142e-02 -9.50416625e-02
  -2.88534105e-01  2.71410882e-01  8.34777877e-02 -2.10028976e-01
  -2.29501307e-01 -6.28694519e-02  3.36526096e-01 -3.14502791e-02
   5.33843786e-02 -3.41621757e-01 -2.32002392e-01  2.20267195e-02
   5.30083776e-02 -3.67047936e-01 -2.09231928e-01 -2.23007172e-01]
 [-1.92109565e-03 -3.66120219e-01  2.60619093e-02 -3.23476225e-01
   9.79084000e-02 -4.83385101e-02 -2.31246918e-01  1.39556184e-01
  -1.13615759e-01 -1.26682341e-01  1.64496332e-01 -4.35398430e-01
  -9.82903242e-02  1.83990672e-01 -1.37985870e-01 -4.64468896e-02
  -6.60593957e-02 -1.81964993e-01  3.69974263e-02 -7.46070221e-02]
 [ 1.36538759e-01 -2.35712990e-01 -1.02777749e-01 -2.81616062e-01
  -3.09340537e-01  1.79327473e-01 -2.04674572e-01  1.51625738e-01
  -2.03793928e-01 -1.51831940e-01 -2.17377558e-01 -8.88192188e-03
  -5.91216385e-02 -2.94290066e-01 -1.21914424e-01 -1.12518437e-01
   4.98558208e-02  1.22291327e-01  1.44516006e-01  1.61122277e-01]
 [ 8.49565119e-03  2.47464061e-01 -4.50286776e-01 -3.35855633e-02
  -1.61902502e-01  1.50137797e-01 -2.81383336e-01  1.58519879e-01
  -2.91221350e-01 -1.73806176e-01 -9.32073444e-02  1.33032382e-01
   6.88132569e-02  2.78646797e-01  1.55658163e-02  1.62027702e-01
  -1.13510825e-01 -1.07907839e-01 -1.19348675e-01  2.02876031e-01]
 [ 1.87545180e-01  4.09894716e-03  3.13060105e-01 -3.27850670e-01
  -3.94133925e-01 -2.20183805e-01  2.19015762e-01 -6.19880371e-02
  -2.71866858e-01  2.66252667e-01 -1.19777158e-01 -2.84679174e-01
   1.62952412e-02  1.40472844e-01 -1.13801561e-01  6.12157211e-02
   1.91283107e-01  2.82547325e-01  2.57652313e-01  1.88064530e-01]
 [ 2.72486866e-01 -8.06944296e-02  2.09415868e-01  5.52971400e-02
   6.02067895e-02 -4.71564308e-02  2.40582392e-01  1.72727436e-01
   3.51519138e-01  3.46622057e-02 -3.38200986e-01 -5.76581284e-02
   3.08883101e-01 -3.05855304e-01  2.66299784e-01 -1.33380899e-03
   2.46055111e-01 -2.14433596e-01  9.58492979e-02 -1.66189428e-02]
 [-2.28452832e-01  3.12889010e-01  3.87748569e-01 -8.58947337e-02
  -3.37131351e-01 -1.51097000e-01 -8.19974765e-02  2.45169774e-01
   2.12718919e-01  2.64262348e-01  3.05860341e-01 -2.03177035e-01
   1.87750444e-01 -2.08056912e-01 -9.63537619e-02 -1.64132029e-01
  -9.86560062e-02  7.12988079e-02 -3.05035025e-01 -1.77687660e-01]
 [ 4.45954204e-02 -2.73593396e-01  3.44767869e-02 -9.55087245e-02
   9.93909165e-02 -2.43173331e-01 -1.07675701e-01  3.11543345e-01
   1.82621200e-02 -1.35768592e-01 -6.75453171e-02  1.06487170e-01
  -3.33767563e-01  1.90170705e-01 -2.99538583e-01 -2.71164745e-01
  -3.00505273e-02  5.23567051e-02  1.68060601e-01 -2.28947461e-01]
 [-1.15095422e-01  3.57110322e-01  7.51887336e-02  3.46530408e-01
  -1.18585929e-01  2.21075043e-01  1.35265529e-01 -8.17462504e-02
   2.12052628e-01 -2.11645156e-01 -2.45158181e-01  1.13038339e-01
   2.81091273e-01 -9.50183868e-02 -1.08286753e-01  9.57569107e-02
   1.45720020e-01 -1.52246743e-01  2.98969716e-01 -7.95083791e-02]
 [ 1.29173368e-01 -2.30176136e-01 -1.52936801e-01 -2.56304592e-02
  -2.02673420e-01 -2.33441249e-01 -3.43288839e-01  1.82636872e-01
  -3.37253176e-02  1.76550567e-01 -1.17251314e-01  2.04102740e-01
  -1.46794856e-01  1.09467909e-01  3.18529457e-01 -2.76206762e-01
   1.88194007e-01 -3.22102159e-01 -2.79590458e-01  1.14324801e-01]
 [-3.97451192e-01 -3.41108851e-02 -2.34038591e-01 -3.46676320e-01
   8.16761106e-02 -2.57478446e-01  2.41662771e-03  2.10588410e-01
   1.96184397e-01 -1.93811189e-02  2.95324802e-01  1.25289917e-01
  -1.81779698e-01 -3.06794852e-01 -8.63023549e-02 -1.80042863e-01
  -1.60986379e-01 -3.18980142e-02 -2.95877665e-01  2.57182755e-02]
 [-2.97070265e-01 -1.25730723e-01 -1.15194798e-01  8.04632381e-02
   2.89484531e-01 -2.01254681e-01  2.81396627e-01  9.28767174e-02
   4.25258458e-01 -1.52374342e-01 -7.15903565e-02  3.73020172e-02
   2.62239099e-01 -2.59351480e-04 -1.66647360e-01  2.47269228e-01
   3.68676752e-01  9.26186144e-02 -1.86784625e-01 -5.27245225e-03]
 [-9.37391073e-02  2.98987585e-03 -2.31168211e-01  1.55081049e-01
  -3.35065454e-01 -3.08020949e-01 -1.68752119e-01  1.24868065e-01
  -2.26281911e-01  2.35301942e-01 -2.14399382e-01 -7.91755021e-02
  -1.54421702e-01  1.28320307e-01  2.55576402e-01  8.73328149e-02
   4.66753542e-02  2.94273794e-01  2.11802781e-01  3.15508880e-02]
 [-1.67965457e-01 -3.12096596e-01 -1.92849100e-01 -2.47095615e-01
   6.46782145e-02 -1.65277854e-01 -2.01530736e-02  1.87426105e-01
  -5.92832379e-02  1.77502871e-01 -2.70714134e-01  7.98130259e-02
   2.45148595e-02  2.55458474e-01 -1.23122431e-01 -1.32300377e-01
  -2.85336256e-01 -3.94838825e-02  2.80731507e-02  2.16224656e-01]
 [ 2.28068262e-01  7.45556056e-02 -1.41523525e-01 -3.20942670e-01
  -3.67314041e-01 -3.64108115e-01 -1.29889801e-01  1.27201289e-01
   2.63479054e-01 -7.10108131e-02 -2.87670147e-04 -1.71536719e-03
  -2.40625918e-01  3.45183164e-02  2.41953298e-01  7.54532889e-02
   2.96715368e-02  2.72340089e-01  3.13326538e-01 -9.97420102e-02]
 [-3.38842161e-02  1.02750331e-01  1.94013566e-01 -2.63511866e-01
  -3.01428109e-01  3.00334245e-01  3.91333610e-01 -2.94684231e-01
  -2.04205528e-01  1.55628026e-01  2.76537538e-01  3.30209613e-01
  -2.65990376e-01 -3.32273357e-02 -3.13007832e-01 -1.58207901e-02
  -7.74579495e-02 -2.13242516e-01 -2.42896542e-01 -9.28236619e-02]
 [ 2.05605432e-01  3.58028322e-01  6.42357673e-03  3.11299831e-01
  -9.43820924e-02  3.84091102e-02 -1.35228589e-01  9.21950638e-02
   2.60394186e-01  2.02470813e-02 -3.37981209e-02 -1.98851734e-01
  -1.90023668e-02 -1.30623445e-01 -1.96575239e-01 -2.86019951e-01
   3.62001508e-01  6.84055910e-02  1.96366116e-01 -1.56736702e-01]
 [-5.52294143e-02  3.49129498e-01 -7.22565427e-02  1.10966444e-01
  -2.40060583e-01 -1.40520353e-02  2.40219533e-01  2.85471827e-01
   6.03969209e-02  2.87020300e-03  1.86105654e-01 -2.97936313e-02
  -2.10381866e-01  1.14445090e-01  3.44245434e-01 -1.20333292e-01
   3.54724854e-01  9.84664112e-02  1.48494095e-01  5.34228981e-02]
 [ 3.26489121e-01 -1.34672597e-01 -2.43501171e-01 -8.97424221e-02
   3.52623314e-01  3.83283943e-02  2.64741987e-01 -1.20257199e-01
   1.75382897e-01  2.83838689e-01  2.03272521e-01  8.47005993e-02
  -4.94098589e-02 -1.89955831e-01  2.04434872e-01  2.24774942e-01
  -1.57859594e-01 -1.70141250e-01  3.77863109e-01 -7.97701478e-02]
 [-1.45215020e-01  3.00930917e-01 -8.24029893e-02  4.20619458e-01
  -5.19587062e-02  1.36948973e-01  4.13679838e-01  1.19008616e-01
   3.70992094e-01 -1.39074370e-01  7.15942308e-02  3.84204579e-03
  -3.12416553e-01  8.99479017e-02  5.40331192e-02 -2.91886143e-02
  -1.28782839e-01  3.36742550e-01  1.51332557e-01  1.22212753e-01]
 [ 2.52263486e-01 -8.82173330e-02  1.00082159e-03 -2.96519548e-01
   1.88474864e-01 -3.10644656e-01 -2.42955014e-01 -6.56240657e-02
   1.92933977e-02 -2.57184148e-01 -1.39509857e-01  1.31187439e-01
   4.97403927e-02  6.76472038e-02  7.99335167e-02  7.41650164e-02
  -1.93316728e-01  1.35398686e-01  4.07130718e-02 -3.87993127e-01]
 [ 2.45480344e-01 -1.32523522e-01  3.31656545e-01  3.01689208e-01
  -3.10195059e-01  2.94763803e-01 -2.45927095e-01 -1.76567331e-01
   3.16409647e-01 -1.83613688e-01 -3.28061394e-02 -3.03798970e-02
   4.59495038e-02 -5.03125302e-02  2.41046503e-01 -3.31839591e-01
   6.71649128e-02  8.88216868e-02  2.76859969e-01 -2.22425267e-01]
 [ 9.55471247e-02 -6.89399019e-02  1.11579113e-01  7.95317218e-02
  -1.64356276e-01 -2.37309158e-01  1.12271726e-01  3.64816412e-02
   4.66767587e-02  3.19456875e-01 -9.61170495e-02  1.57999560e-01
   1.62802413e-01 -9.77131650e-02 -1.68890610e-01 -4.81810123e-02
   1.73025340e-01 -1.68366898e-02 -9.55951884e-02 -1.17627811e-02]]"
NN.2.bias,"[-0.19319367 -0.10708342 -0.07495847  0.08762271 -0.15503842 -0.00408644
 -0.01058931 -0.0570713  -0.15442498 -0.167947   -0.13137822 -0.04290672
  0.04525897  0.03911613  0.0432024   0.08351153 -0.03595533 -0.07846811
  0.1713863  -0.00485235 -0.07086516 -0.03149208  0.02687099  0.16237834
  0.1227335   0.08678147  0.08266462 -0.10413682 -0.02104095  0.00748808]"
NN.4.weight,"[[ 1.95528075e-01 -3.30014601e-02 -1.57445937e-01 -6.23387285e-02
   1.99728459e-01  1.17797337e-01 -1.39513090e-01  2.79558241e-01
   2.44373754e-01 -2.79246181e-01  4.01284918e-03  1.85549185e-01
  -4.07852717e-02 -3.71938765e-01  2.30805278e-01  1.94259375e-01
  -3.04766327e-01 -9.80733186e-02 -1.07736737e-01  2.06823200e-01
  -1.93885207e-01  1.80424809e-01  2.09686123e-02 -1.29577145e-01
  -4.05919045e-01  2.32951760e-01 -3.44844073e-01  1.80083588e-01
  -1.36742666e-01 -1.95786968e-01]
 [-9.34712181e-04 -1.45487651e-01  1.83124676e-01  1.18839461e-02
   8.43115449e-02 -1.07233882e-01  2.65116505e-02 -2.67966628e-01
  -2.90010516e-02 -3.31209809e-01  1.48240298e-01  2.82872431e-02
  -1.97474435e-01  2.99465537e-01 -3.89225185e-02  3.81804146e-02
  -1.38106039e-02  8.29965696e-02 -2.03977227e-02 -1.89710036e-01
  -4.06161509e-02  1.90628201e-01 -8.68462101e-02 -1.86093271e-01
  -1.38872847e-01 -1.87648192e-01 -1.61568418e-01  5.43795079e-02
  -3.04652721e-01 -7.00917840e-02]
 [-3.33077788e-01 -1.74155653e-01 -1.65783614e-01 -3.24782968e-01
   1.69877231e-01 -3.34443063e-01 -2.49828309e-01 -3.16695571e-01
  -7.15493560e-02 -9.06016529e-02 -2.07311124e-01  2.15764821e-01
   1.26578987e-01 -4.44628298e-02  2.86947787e-02 -9.37907696e-02
   2.83496022e-01  1.59555450e-01 -2.21956819e-02 -1.91043317e-02
   3.33525836e-02 -1.70007005e-01 -8.90456140e-02 -2.12183580e-01
  -1.81985825e-01 -3.37475568e-01 -1.57941952e-01  3.10412645e-01
   2.80040652e-01  3.20868909e-01]
 [-3.05127591e-01 -1.10267848e-01 -1.73485518e-01 -2.94198811e-01
  -2.76289493e-01  2.58876801e-01  2.11156130e-01 -8.28832388e-02
   2.98928201e-01  2.38756001e-01 -1.25712544e-01 -2.70991355e-01
   2.65566260e-03  7.90120065e-02  7.41745234e-02 -2.40616471e-01
  -2.27836356e-01 -9.35764834e-02 -1.81479946e-01 -3.44987124e-01
  -8.05266425e-02 -1.99102312e-01  5.44100106e-02  1.38560459e-01
  -2.80808300e-01 -3.13734591e-01  1.77434564e-01  1.61794186e-01
  -3.94438922e-01  2.29030654e-01]
 [ 2.33193099e-01 -1.71406046e-01  5.31048365e-02 -3.25784057e-01
  -2.93464005e-01  2.71625578e-01 -3.44011366e-01  1.20115221e-01
   3.72323304e-01  1.47812888e-01  1.42220244e-01  2.69586235e-01
   1.13140263e-01 -3.23441550e-02  2.80184239e-01 -2.95539796e-01
  -9.99795943e-02 -5.98955154e-02 -2.74757147e-01 -9.32877958e-02
   5.59792183e-02  9.30597037e-02  2.52068453e-02 -1.88072890e-01
   4.52010706e-02  1.13537356e-01 -3.46504867e-01 -1.69232208e-02
  -4.18434739e-02 -7.03502223e-02]
 [-1.04340479e-01  2.38980055e-01 -3.15214656e-02 -3.98978233e-01
   2.89387912e-01 -1.69410422e-01  1.04098776e-02  1.58925712e-01
   5.48790246e-02  1.21436901e-01  1.74457714e-01  6.50230944e-02
  -3.28004509e-01 -2.86397874e-01 -2.98001707e-01 -1.70778632e-01
   2.39630640e-01  2.72132844e-01 -1.77209929e-01  2.27022544e-01
   2.10289374e-01  2.55848765e-01  4.15882067e-04 -2.95609117e-01
  -1.05717734e-01 -3.06076944e-01  2.11319000e-01 -3.65362428e-02
   6.54944927e-02 -1.34784967e-01]
 [ 2.28452846e-01 -3.59005369e-02 -2.10876688e-01  1.08684801e-01
   1.40118018e-01  1.19751051e-01 -2.26072684e-01  7.10229725e-02
   2.52665542e-02 -2.40209177e-01  1.38117790e-01 -2.18943745e-01
  -1.32003993e-01 -1.18909970e-01 -1.09917581e-01  6.86294585e-02
   1.96472391e-01 -2.38199420e-02 -1.48048615e-02  7.39805326e-02
   2.78577238e-01 -2.23378167e-01 -3.48037928e-01  9.77246016e-02
  -1.09945059e-01  7.01757073e-02 -2.94361234e-01 -1.70540288e-01
   1.48856118e-01  4.02654111e-02]
 [ 2.77846038e-01 -3.80073637e-02 -2.89536685e-01  4.61321063e-02
  -5.68241403e-02  1.26310632e-01 -2.20738769e-01  3.02067399e-03
  -2.09348891e-02 -2.98169523e-01  1.85765252e-01  1.96926326e-01
  -1.79103747e-01 -2.68156439e-01 -1.60960600e-01  2.64248192e-01
  -2.77165025e-01  2.62547433e-01 -2.75323123e-01 -1.74096137e-01
  -2.45532990e-01  8.10819790e-02 -3.17939222e-02 -6.84840903e-02
  -4.69985045e-02  5.65462299e-02 -1.79724097e-01 -2.73317218e-01
  -1.58432692e-01 -1.30244285e-01]
 [-3.98412138e-01  1.58820421e-01  1.92707255e-01  1.24835171e-01
  -1.17592514e-01 -3.08925241e-01 -1.90783590e-01  7.56726563e-02
   1.75204366e-01  1.93444893e-01 -1.86161444e-01 -1.45435661e-01
   1.51262283e-01 -3.34124029e-01 -2.76637346e-01 -3.58420402e-01
   2.31230155e-01 -1.61320239e-01 -1.90819725e-01 -2.21707329e-01
  -3.97192270e-01 -4.04621571e-01  1.19397417e-01  2.38843352e-01
   6.85231984e-02 -1.56729639e-01 -9.68894958e-02  1.49028152e-01
  -2.87156165e-01 -1.70848146e-01]
 [-1.04852341e-01  2.25997940e-01 -3.95737350e-01 -2.56817013e-01
  -8.17301199e-02 -2.80693442e-01  1.65633604e-01 -2.60372251e-01
   3.26406248e-02 -2.55414844e-01 -2.24786296e-01 -7.86325708e-02
   2.13976249e-01 -1.72520995e-01 -2.25122362e-01 -1.09463133e-01
   1.14589892e-01 -2.59049088e-01 -2.29428247e-01  2.27719158e-01
   7.00860992e-02  1.62171647e-01  1.79467469e-01 -1.33475676e-01
   1.66454762e-01  1.83167942e-02 -3.49383622e-01  1.04161374e-01
  -1.24156833e-01 -2.28068769e-01]
 [-2.17865944e-01  5.84996678e-02 -3.13865900e-01 -1.48018181e-01
   1.27874583e-01 -5.40539846e-02 -4.06882912e-02  2.71839678e-01
   2.41493240e-01 -6.21774793e-03  2.81298250e-01 -1.01211943e-01
  -1.66413143e-01 -3.99843037e-01 -2.61814147e-02 -3.85226697e-01
  -9.48821902e-02 -1.43083334e-01 -9.20632482e-02  1.14668421e-01
   2.61267275e-01  1.94423497e-01 -3.67814451e-01 -1.08201802e-01
   1.72927752e-01  1.25908062e-01 -2.35903114e-02  1.77941278e-01
  -8.72563198e-02  1.08408436e-01]
 [-3.11983645e-01 -5.24254739e-02  1.09241068e-01  3.18891108e-01
  -1.25995085e-01 -1.65804759e-01  1.81067586e-02 -1.93752646e-02
  -1.72168687e-01 -6.53168261e-02  1.46318913e-01 -2.82900095e-01
  -1.83999673e-01  1.66242421e-01 -1.24109536e-01 -2.26174027e-01
   2.20010459e-01 -2.87675768e-01  7.11008608e-02  1.42203361e-01
   6.23803735e-02  2.04570889e-02 -2.22723067e-01 -1.49029896e-01
  -2.75929630e-01 -3.05884510e-01 -3.46050888e-01 -2.58682162e-01
  -3.00826132e-01  3.44032228e-01]
 [-2.30856035e-02 -1.36748955e-01 -1.27835825e-01 -2.02032998e-01
   1.80927113e-01  1.37712955e-02 -3.33338976e-01 -4.00808156e-02
   7.35698193e-02 -3.12455207e-01 -2.16793299e-01 -1.21091604e-02
  -1.05799735e-01 -1.69081658e-01 -1.90326110e-01  1.64700989e-02
   1.01274461e-01 -3.13639730e-01  6.34183362e-02 -1.84867293e-01
   6.02030614e-03 -3.45421433e-01 -2.58501530e-01 -1.31898165e-01
  -3.47432911e-01  2.89980710e-01 -1.19270258e-01  1.01407722e-01
   1.73893139e-01  6.60272874e-03]
 [ 8.79948661e-02 -3.10213655e-01  2.54836977e-01 -2.72225857e-01
  -3.12661350e-01 -1.29322112e-02 -1.30411342e-03  4.50694561e-02
   3.95201147e-02 -3.37966681e-01 -2.89763659e-01 -7.17513561e-02
  -2.18918890e-01 -2.46145099e-01  2.25374281e-01  2.62284517e-01
   4.69156392e-02  2.12063536e-01 -2.35160187e-01 -1.59767583e-01
   1.01960137e-01 -1.33818120e-01  4.61534187e-02 -3.43831360e-01
  -4.27743606e-02 -2.47026682e-01  6.18701167e-02 -1.58077985e-01
  -7.68683329e-02 -1.80502549e-01]
 [-2.67005235e-01  4.48630825e-02  1.84496209e-01 -1.15202777e-01
   2.48753220e-01  1.49490580e-01 -3.97638321e-01 -6.08677603e-02
  -6.76351115e-02  2.38212600e-01  2.61754602e-01 -4.48987447e-02
  -8.61018226e-02  9.32768956e-02 -7.42200315e-02 -1.35163646e-02
  -1.01295695e-01 -4.80900519e-02  8.11985042e-03 -1.43152907e-01
   1.86012387e-02 -3.42926234e-01 -5.95554784e-02 -3.23350817e-01
  -2.19417021e-01 -4.68784831e-02  1.12726375e-01  1.87235758e-01
  -2.94601964e-03  3.96520793e-02]
 [-3.28892976e-01  1.23971445e-03  5.51962256e-02 -6.38634115e-02
   1.62707433e-01  2.13034630e-01  1.72054052e-01  6.14085197e-02
  -2.50393987e-01 -9.99205634e-02 -2.63449281e-01  1.97989210e-01
  -2.82156438e-01  2.08828688e-01  3.01868856e-01 -1.83038890e-01
  -6.84129074e-02  2.23319650e-01 -1.13012753e-01 -2.06904769e-01
   1.65074110e-01  7.26906359e-02  4.22984660e-02 -3.73450607e-01
  -3.68352562e-01 -2.50337094e-01  1.51835829e-01  2.72935361e-01
  -1.60861313e-01  1.60733029e-01]
 [ 1.33685753e-01 -3.59943174e-02 -2.84815043e-01 -7.70372078e-02
  -2.83226222e-01 -3.39696318e-01  1.29452705e-01  1.71029806e-01
   1.34449780e-01  9.17944163e-02  3.06019157e-01 -1.32468715e-01
   4.30763327e-03  2.41399109e-02  1.81962609e-01 -2.45454177e-01
  -1.03401668e-01 -3.81807745e-01 -6.20724037e-02  1.97756216e-01
  -1.48098320e-01 -5.30360080e-02  2.48445809e-01 -9.94375199e-02
   1.53246418e-01 -3.32640886e-01 -1.69747666e-01  5.67135140e-02
  -2.34451473e-01 -1.48839086e-01]
 [ 5.85256517e-02 -2.20748737e-01 -3.01134586e-02  9.76065397e-02
  -6.04686737e-02  1.52807534e-02 -2.57665396e-01  9.60412323e-02
   7.67250359e-02 -2.49686003e-01  2.40156829e-01 -4.21803892e-02
  -1.83466628e-01 -2.22751975e-01 -3.08527648e-01 -2.26900578e-01
   1.80414319e-02 -3.25663805e-01 -8.56957734e-02  4.49355245e-02
   1.78590477e-01 -2.88091153e-01  1.75556719e-01  6.54294491e-02
  -2.13101596e-01 -3.40433747e-01  5.73085845e-02  9.70957875e-02
  -7.91671872e-03  1.97902918e-01]
 [-3.65343779e-01  1.83716610e-01  1.90659482e-02  1.79014459e-01
   1.24682143e-01  2.49849021e-01  2.12223064e-02  1.59898102e-01
   2.55768061e-01  4.30413000e-02  6.89973459e-02 -3.27268958e-01
  -2.95851320e-01  2.54290998e-01  3.01153660e-01 -3.51215117e-02
  -3.02201182e-01  2.54813850e-01  5.43000400e-02  2.08994508e-01
  -2.71968454e-01 -1.09002188e-01  5.30061722e-02 -5.44683263e-02
  -3.93429935e-01 -1.21075613e-02 -8.68650749e-02 -3.37206781e-01
   1.12546891e-01 -2.39010215e-01]
 [-3.74435842e-01 -1.34055927e-01 -1.03627071e-01 -1.65408254e-02
   1.00629129e-01 -9.06069502e-02 -1.20121408e-02  3.03292871e-02
  -1.24608383e-01 -2.83944011e-02  2.01157615e-01  1.04654193e-01
   1.11606434e-01  3.95667143e-02 -3.13614279e-01  6.39407113e-02
  -2.83859789e-01  1.63430810e-01 -1.60991445e-01 -2.18172938e-01
  -1.11858808e-01 -3.26705754e-01 -1.69687212e-01  1.63106203e-01
  -4.23444092e-01 -8.35653618e-02 -8.04852843e-02 -7.08988309e-02
   6.47359565e-02  1.13772526e-01]]"
NN.4.bias,"[-0.16034836 -0.0389255  -0.00704257 -0.11744829 -0.16037211 -0.17482091
 -0.13612805 -0.10831437 -0.14782645 -0.01959154 -0.07916413  0.
 -0.0480967  -0.1517878  -0.06475879 -0.12600037 -0.1224822   0.
 -0.08845311 -0.05769329]"
NN.6.weight,"[[-0.12066688  0.32352412 -0.18813844  0.0701588  -0.12274157 -0.03456158
  -0.14218946  0.2733993   0.00407995 -0.33872262 -0.15013525 -0.19481814
   0.23152825 -0.3068395   0.39007124  0.12440459  0.29382834  0.3588119
  -0.2918769   0.2539455 ]
 [-0.10923167  0.25137377 -0.23436119 -0.10708912 -0.04903152  0.06145539
  -0.21492839  0.2917255   0.26882896  0.29319313 -0.04400194  0.04672101
  -0.07356884 -0.24292406  0.09922983 -0.15453956 -0.10947731  0.4612809
   0.12661621  0.2189629 ]
 [-0.06444344  0.10645809 -0.22949737 -0.23381115  0.19445023  0.32514918
   0.2654132  -0.29060203 -0.03330544 -0.21081948 -0.15276086 -0.31380045
  -0.16499631 -0.06769458  0.36261535  0.2608955  -0.1708603  -0.3024813
  -0.46331114  0.3422482 ]
 [ 0.03252187 -0.07015055 -0.09651078 -0.02838643 -0.37116316  0.40340456
   0.3282083  -0.05837183 -0.10591756 -0.12265727 -0.14995962 -0.21187443
   0.40430778 -0.16608135 -0.08276515 -0.40588525  0.28115216 -0.05743924
  -0.30674908  0.41648844]
 [ 0.11154046  0.44418153 -0.20226368 -0.28699356 -0.11595927  0.2494248
  -0.15911743 -0.01425623 -0.12536986  0.40365893 -0.12966065  0.3974124
   0.28237954 -0.29342088  0.02105439 -0.3417266  -0.2579239  -0.2124606
  -0.18799952 -0.28565153]]"
NN.6.bias,[0.15308425 0.14291109 0.14686537 0.15333833 0.15258819]
